AAPL,MSFT,Spread_Diff
72.53850555419922,152.79112243652344,-80.25261688232422
71.83328247070312,150.8885955810547,-79.05531311035156
72.40568542480469,151.2786102294922,-78.8729248046875
72.06517028808594,149.89927673339844,-77.8341064453125
73.22441864013672,152.2869415283203,-79.0625228881836
74.7797622680664,154.18946838378906,-79.40970611572266
74.94882202148438,153.4760284423828,-78.52720642089844
76.55003356933594,155.32144165039062,-78.77140808105469
75.5163803100586,154.2275390625,-78.7111587524414
75.1927490234375,155.22634887695312,-80.03359985351562
76.13465118408203,158.07064819335938,-81.93599700927734
76.97752380371094,158.9552764892578,-81.97775268554688
76.45586395263672,158.384521484375,-81.92865753173828
76.7287826538086,157.6234893798828,-80.89470672607422
77.09831237792969,158.59376525878906,-81.49545288085938
76.87609100341797,156.9956817626953,-80.11959075927734
74.61552429199219,154.3701934814453,-79.75466918945312
76.72635650634766,157.39524841308594,-80.66889190673828
78.33243560791016,159.84947204589844,-81.51703643798828
78.2188949584961,164.35841369628906,-86.13951873779297
74.75077819824219,161.93267822265625,-87.18190002441406
74.54548645019531,165.8804473876953,-91.3349609375
77.00651550292969,171.3406524658203,-94.33413696289062
77.63444519042969,171.1313934326172,-93.4969482421875
78.54253387451172,174.67962646484375,-96.13709259033203
77.47493743896484,174.92689514160156,-97.45195770263672
77.84291076660156,179.50245666503906,-101.6595458984375
77.37326049804688,175.45005798339844,-98.07679748535156
79.210693359375,175.7069854736328,-96.49629211425781
78.64662170410156,174.7556915283203,-96.10906982421875
78.66600799560547,176.3157501220703,-97.64974212646484
77.22557830810547,178.10415649414062,-100.87857818603516
78.34400939941406,178.63827514648438,-100.29426574707031
77.54029083251953,175.91021728515625,-98.36992645263672
75.78516387939453,170.3492431640625,-94.56407928466797
72.18533325195312,163.0045623779297,-90.81922912597656
69.7402572631836,160.314697265625,-90.5744400024414
70.84659576416016,162.31781005859375,-91.4712142944336
66.21548461914062,150.88104248046875,-84.66555786132812
66.17674255371094,154.5343017578125,-88.35755920410156
72.33785247802734,164.81687927246094,-92.4790267944336
70.04046630859375,156.91896057128906,-86.87849426269531
73.28925323486328,162.68020629882812,-89.39095306396484
70.9119644165039,158.5977783203125,-87.6858139038086
69.97024536132812,154.1146240234375,-84.14437866210938
64.4361572265625,143.6698760986328,-79.23371887207031
69.07695770263672,153.49459838867188,-84.41764068603516
66.67786407470703,146.541015625,-79.86315155029297
60.09312057495117,132.64329528808594,-72.55017471313477
67.29277038574219,151.50106811523438,-84.20829772949219
58.63576126098633,129.17124938964844,-70.53548812866211
61.213985443115234,139.80679321289062,-78.59280776977539
59.71546936035156,133.92149353027344,-74.20602416992188
59.25792694091797,136.12489318847656,-76.8669662475586
55.49589538574219,131.01220703125,-75.51631164550781
54.316932678222656,129.70542907714844,-75.38849639892578
59.76630401611328,141.4950714111328,-81.72876739501953
59.43706512451172,140.14059448242188,-80.70352935791016
62.564823150634766,148.90655517578125,-86.34173202514648
59.9744987487793,142.7923126220703,-82.81781387329102
61.6860466003418,152.83644104003906,-91.15039443969727
61.56016159057617,150.4327392578125,-88.87257766723633
58.321048736572266,145.0911407470703,-86.77009201049805
59.29423141479492,148.09576416015625,-88.80153274536133
58.44208908081055,146.73178100585938,-88.28969192504883
63.54042434692383,157.64389038085938,-94.10346603393555
62.804500579833984,155.9459991455078,-93.14149856567383
64.41193389892578,157.51036071777344,-93.09842681884766
64.87674713134766,157.5198974609375,-92.64315032958984
66.15013122558594,157.872802734375,-91.72267150878906
69.49092102050781,165.68490600585938,-96.19398498535156
68.85665130615234,163.94888305664062,-95.09223175048828
69.40376281738281,168.8708038330078,-99.467041015625
68.4620590209961,170.35879516601562,-101.89673614501953
67.04100799560547,166.982177734375,-99.94116973876953
64.96875,160.0762481689453,-95.10749816894531
66.840087890625,165.51324462890625,-98.67315673828125
66.58102416992188,163.5100860595703,-96.92906188964844
68.5031967163086,166.49569702148438,-97.99250030517578
68.55162811279297,166.0187530517578,-97.46712493896484
67.4404525756836,161.9744110107422,-94.5339584350586
69.65554809570312,169.24276733398438,-99.58721923828125
71.12500762939453,170.94061279296875,-99.81560516357422
69.97994232177734,166.51473999023438,-96.53479766845703
70.9700698852539,170.58773803710938,-99.61766815185547
72.03524017333984,172.4191436767578,-100.38390350341797
72.77845001220703,174.1169891357422,-101.33853912353516
73.5313491821289,175.1280975341797,-101.59674835205078
75.28150177001953,176.1582489013672,-100.87674713134766
76.46609497070312,178.1232147216797,-101.65711975097656
75.59222412109375,174.08837890625,-98.49615478515625
74.67948913574219,171.45570373535156,-96.77621459960938
75.13829040527344,172.19973754882812,-97.06144714355469
74.694091796875,174.70838928222656,-100.01429748535156
76.45396423339844,176.3776397705078,-99.92367553710938
76.01215362548828,175.15670776367188,-99.1445541381836
77.4904556274414,177.58624267578125,-100.09578704833984
76.9127197265625,175.4532012939453,-98.54048156738281
77.40792846679688,175.52972412109375,-98.12179565429688
76.88362121582031,173.67408752441406,-96.79046630859375
77.21858978271484,173.9036865234375,-96.68509674072266
77.25255584716797,173.5115203857422,-96.25896453857422
77.17733001708984,175.2810516357422,-98.10372161865234
78.12645721435547,174.8793182373047,-96.75286102294922
78.48812866210938,176.86886596679688,-98.3807373046875
78.92020416259766,177.29930114746094,-98.37909698486328
78.24053955078125,174.96534729003906,-96.72480773925781
80.4688949584961,179.05931091308594,-98.59041595458984
80.94467163085938,180.16879272460935,-99.22412109374997
83.5007553100586,181.54620361328125,-98.04544830322266
85.6490249633789,188.2800140380859,-102.630989074707
81.53697204589844,178.1697235107422,-96.63275146484375
82.24090576171875,179.5757598876953,-97.33485412597656
83.25799560546875,180.7236328125,-97.46563720703125
85.46453857421875,185.1522521972656,-99.68771362304685
85.34557342529297,185.79312133789065,-100.44754791259768
85.37956237792969,187.78271484375,-102.40315246582031
84.89165496826172,186.66354370117188,-101.77188873291016
87.11275482177734,191.8478851318359,-104.73513031005857
88.97212982177734,193.12960815429688,-104.15747833251953
87.40161895751953,189.23660278320312,-101.8349838256836
88.5618896484375,191.62786865234375,-103.06597900390625
85.84077453613281,187.79220581054688,-101.95143127441406
87.81912231445312,189.81048583984375,-101.99136352539062
88.55219268798828,194.6599884033203,-106.10779571533203
88.38469696044922,195.79823303222656,-107.41353607177734
88.38469696044922,197.29039001464844,-108.90569305419922
90.7490234375,201.5373687744141,-110.78834533691409
90.46744537353516,199.1938934326172,-108.72644805908203
92.57442474365234,203.57470703125,-111.00028228759766
92.97254180908205,204.9999237060547,-112.02738189697264
93.13516235351562,204.3781890869141,-111.24302673339847
92.70551300048828,198.06521606445312,-105.35970306396484
94.23965454101562,199.28953552246097,-105.04988098144534
94.88774871826172,198.99305725097656,-104.10530853271484
93.7201690673828,195.0521697998047,-101.33200073242189
93.53083801269533,194.05740356445312,-100.5265655517578
95.50189208984376,202.3981781005859,-106.89628601074214
94.18380737304688,199.6721649169922,-105.48835754394531
94.44839477539062,202.54168701171875,-108.09329223632812
90.1494598388672,193.7321319580078,-103.58267211914061
89.92610931396484,192.54611206054688,-102.62000274658203
92.05738067626952,194.98521423339844,-102.92783355712892
90.54511260986328,193.2347869873047,-102.6896743774414
92.2807159423828,195.1860809326172,-102.90536499023439
93.3973159790039,195.03305053710935,-101.63573455810544
103.17498016357422,196.0947723388672,-92.91979217529297
105.77472686767578,207.12335205078125,-101.34862518310547
106.4811019897461,204.01467895507812,-97.53357696533203
106.8670654296875,203.679931640625,-96.8128662109375
110.59558868408205,206.9416656494141,-96.34607696533205
108.08111572265624,203.23989868164065,-95.15878295898442
109.6520538330078,199.1938934326172,-89.54183959960939
106.39100646972656,194.53567504882812,-88.14466857910156
109.92684936523438,200.0930023193359,-90.16615295410153
111.87227630615234,199.624267578125,-87.75199127197266
111.77256774902344,199.8156280517578,-88.04306030273438
111.4807357788086,201.13560485839844,-89.65486907958984
112.4096908569336,202.29298400878903,-89.88329315185544
112.55074310302734,201.0656585693359,-88.51491546630857
115.04821014404295,205.74473571777344,-90.69652557373048
120.97691345214844,204.24900817871097,-83.27209472656253
122.423828125,204.8914031982422,-82.46757507324219
121.41949462890624,207.5569610595703,-86.13746643066408
123.07069396972656,212.0442352294922,-88.97354125976562
121.59945678710938,217.2506561279297,-95.65119934082031
121.4024887084961,219.48471069335935,-98.08222198486325
125.51949310302734,216.24386596679688,-90.72437286376953
130.51925659179688,217.91224670410156,-87.39299011230469
127.81512451171876,222.1118621826172,-94.29673767089842
117.5821304321289,208.3527374267578,-90.7706069946289
117.65995025634766,205.42832946777344,-87.76837921142578
109.74203491210938,194.31556701660156,-84.57353210449219
114.1192398071289,202.59019470214844,-88.47095489501953
110.39374542236328,196.9140167236328,-86.52027130126953
108.94438934326172,195.6291656494141,-86.68477630615237
112.21270751953124,196.95233154296875,-84.73962402343751
112.38780975341795,200.18356323242188,-87.79575347900392
109.07083892822266,196.6071624755859,-87.53632354736325
107.32966613769533,194.55528259277344,-87.22561645507811
103.92516326904295,192.1390380859375,-88.21387481689455
107.07677459716795,194.2004852294922,-87.12371063232423
108.75959014892578,198.87954711914065,-90.11995697021487
104.1975326538086,192.3307647705078,-88.13323211669922
105.26751708984376,194.82374572753903,-89.55622863769527
109.21674346923828,199.2630920410156,-90.04634857177732
111.82364654541016,200.81640625,-88.99275970458984
110.97736358642578,198.7261199951172,-87.7487564086914
112.65044403076172,201.6697540283203,-89.0193099975586
113.60370635986328,203.71206665039065,-90.10836029052737
109.93655395507812,197.70021057128903,-87.76365661621091
113.32164001464844,201.7176818847656,-88.39604187011716
110.07275390625,197.4317626953125,-87.3590087890625
111.94034576416016,201.1903381347656,-89.24999237060544
111.83335876464844,201.909423828125,-90.07606506347656
113.77880859375,206.9241180419922,-93.14530944824219
121.006103515625,212.28396606445312,-91.27786254882812
117.79612731933594,213.683837890625,-95.88771057128906
117.8836669921875,211.7661895751953,-93.88252258300781
117.41675567626952,210.6156005859375,-93.19884490966798
115.77285766601562,210.6156005859375,-94.84274291992188
112.81581115722656,205.39955139160156,-92.583740234375
114.3040771484375,205.81185913085935,-91.50778198242185
113.68153381347656,205.9556884765625,-92.27415466308594
112.59207153320312,206.0419921875,-93.44992065429688
111.9014663696289,207.3268280029297,-95.42536163330078
111.91119384765624,201.43003845214844,-89.5188446044922
113.41890716552734,204.46954345703125,-91.0506362915039
108.16620635986328,194.334716796875,-86.16851043701172
112.17382049560548,196.2907562255859,-84.11693572998043
105.89006805419922,194.1333770751953,-88.2433090209961
105.8025131225586,193.99916076660156,-88.19664764404297
107.4269561767578,197.93031311035156,-90.50335693359376
111.81390380859376,207.48025512695312,-95.66635131835936
115.78258514404295,214.0960998535156,-98.31351470947264
115.65105438232422,214.50845336914065,-98.85739898681643
113.34174346923828,209.39784240722656,-96.05609893798828
113.00069427490234,202.3217315673828,-89.32103729248047
116.43058013916016,207.6336669921875,-91.20308685302734
116.15774536132812,206.56935119628903,-90.41160583496091
116.20645904541016,207.5952911376953,-91.38883209228516
117.21983337402344,208.28564453125,-91.06581115722656
116.3331298828125,205.62966918945312,-89.29653930664062
115.0079574584961,202.91873168945312,-87.91077423095703
115.60233306884766,204.20689392089844,-88.60456085205078
114.33560180664062,202.2554473876953,-87.91984558105469
110.93497467041016,201.9862365722656,-91.05126190185544
112.22118377685548,205.5912628173828,-93.37007904052733
113.05915832519533,205.60086059570312,-92.5417022705078
113.60482025146484,206.9082489013672,-93.30342864990234
116.0018539428711,205.7931365966797,-89.7912826538086
119.57786560058594,207.85040283203125,-88.27253723144531
119.92867279052734,207.0428466796875,-87.11417388916016
119.79224395751952,205.95654296875,-86.16429901123048
119.11991119384766,206.07188415527344,-86.95197296142578
120.58151245117188,206.00460815429688,-85.423095703125
121.1953582763672,207.6580810546875,-86.4627227783203
118.66194152832033,203.61087036132812,-84.9489288330078
120.08455657958984,202.38037109375,-82.29581451416016
119.27581787109376,205.0144195556641,-85.73860168457033
118.66194152832033,205.9180908203125,-87.25614929199217
124.60574340820312,205.850830078125,-81.24508666992188
124.5375518798828,210.80169677734375,-86.26414489746095
125.4047393798828,210.93624877929688,-85.53150939941408
123.41700744628906,210.1383514404297,-86.72134399414062
124.94680786132812,213.98370361328125,-89.03689575195312
128.50331115722656,215.28152465820312,-86.77821350097656
127.60689544677734,212.47439575195312,-84.86750030517578
128.59103393554688,214.13751220703125,-85.54647827148438
133.19020080566406,216.26205444335935,-83.07185363769528
131.41680908203125,215.48338317871097,-84.06657409667972
130.29624938964844,213.10888671875,-82.81263732910156
129.2926025390625,213.8203125,-84.5277099609375
126.09659576416016,209.27322387695312,-83.17662811279297
127.65557861328124,209.4750518798828,-81.81947326660158
123.3585433959961,204.04348754882812,-80.68494415283203
127.56793975830078,209.84996032714844,-82.28202056884766
128.66900634765625,211.12852478027344,-82.45951843261719
125.6775894165039,209.0809326171875,-83.4033432006836
125.50220489501952,206.6198577880859,-81.11765289306639
127.53868865966795,207.9753570556641,-80.43666839599614
125.60938262939452,204.78372192382812,-79.17433929443361
123.8847198486328,204.4280242919922,-80.54330444335939
124.55703735351562,208.07150268554688,-83.51446533203125
128.64950561523438,215.66603088378903,-87.01652526855466
133.3655548095703,216.2716827392578,-82.9061279296875
135.5092315673828,217.2137908935547,-81.70455932617188
139.26065063476562,220.6553649902344,-81.39471435546878
139.49452209472656,223.34710693359375,-83.85258483886719
138.4226531982422,223.8950653076172,-85.472412109375
133.57994079589844,229.69190979003903,-96.1119689941406
128.58132934570312,222.99139404296875,-94.41006469726562
130.70547485351562,230.3841094970703,-99.67863464355469
131.53367614746094,230.24951171875,-98.71583557128906
130.51058959960938,233.6045837402344,-103.09399414062503
133.87222290039062,232.65286254882812,-98.7806396484375
133.45751953125,232.83546447753903,-99.37794494628903
133.60386657714844,233.09506225585935,-99.49119567871091
132.72561645507812,234.34478759765625,-101.61917114257812
132.12062072753906,233.4315185546875,-101.31089782714844
131.8668975830078,235.03695678710935,-103.17005920410153
132.10107421875,235.51763916015625,-103.41656494140625
129.97373962402344,234.2774658203125,-104.30372619628906
127.68045806884766,235.29884338378903,-107.61838531494138
126.57776641845705,234.9037628173828,-108.32599639892577
126.73388671875,232.18658447265625,-105.45269775390625
122.95735168457033,225.96205139160156,-103.00469970703124
122.82074737548828,224.7672576904297,-101.9465103149414
122.3230438232422,226.00059509277344,-103.67755126953124
118.06832885742188,220.6432952880859,-102.57496643066403
118.3318099975586,223.90969848632812,-105.57788848876953
124.7041244506836,228.3034820556641,-103.5993576049805
122.09859466552734,225.3453826904297,-103.24678802490234
119.11249542236328,219.26541137695312,-100.15291595458984
117.22908782958984,218.46563720703125,-101.2365493774414
118.48796081542967,223.1581573486328,-104.67019653320314
113.55014038085938,219.10154724121097,-105.55140686035159
118.1659164428711,225.2586669921875,-107.0927505493164
117.08272552490234,223.9482421875,-106.86551666259766
119.01490783691406,228.4865570068359,-109.47164916992185
118.10738372802734,227.15687561035156,-109.04949188232422
120.99588775634766,226.25111389160156,-105.2552261352539
122.53773498535156,229.04542541503903,-106.50769042968747
121.747314453125,228.39987182617188,-106.65255737304688
117.61944580078124,222.3102264404297,-104.69078063964845
117.09246826171876,221.9536895751953,-104.86122131347655
120.4103775024414,227.3881378173828,-106.9777603149414
119.58091735839844,228.920166015625,-109.33924865722656
117.19005584716795,226.87744140625,-109.68738555908205
117.67799377441406,223.8711853027344,-106.19319152832034
118.28302764892578,227.8602752685547,-109.5772476196289
118.45867919921876,226.6654510498047,-108.20677185058592
117.00464630126952,223.3990478515625,-106.39440155029298
119.2003173828125,227.17611694335935,-107.97579956054685
120.02979278564452,233.5162811279297,-113.48648834228517
122.8597640991211,239.99136352539065,-117.13159942626956
123.16228485107422,238.825439453125,-115.66315460205078
124.81147003173828,240.7911071777344,-115.97963714599612
127.21206665039062,244.01898193359375,-116.80691528320312
129.78829956054688,246.5242156982422,-116.73591613769531
128.07081604003906,246.58201599121097,-118.5111999511719
131.18377685546875,249.06797790527344,-117.88420104980469
128.84173583984375,246.273681640625,-117.43194580078125
131.2521209716797,250.04119873046875,-118.78907775878906
130.9203643798828,251.23599243164065,-120.31562805175784
131.5839080810547,249.3088531494141,-117.7249450683594
129.89566040039062,248.84637451171875,-118.95071411132812
130.27622985839844,251.0818023681641,-120.80557250976565
128.75393676757812,247.79611206054688,-119.04217529296875
131.07643127441406,251.63099670410156,-120.5545654296875
131.46678161621094,252.01638793945312,-120.54960632324219
131.14474487304688,252.421142578125,-121.27639770507812
130.35435485839844,245.28121948242188,-114.92686462402344
130.25672912597656,243.3059539794922,-113.04922485351562
128.2855224609375,242.9879608154297,-114.70243835449219
129.3394012451172,242.67965698242188,-113.34025573730469
124.76268768310548,238.7580108642578,-113.99532318115233
125.00665283203124,237.48614501953125,-112.47949218750001
126.60704040527344,240.62728881835935,-114.02024841308591
127.28153228759766,243.25778198242188,-115.97624969482422
123.99708557128906,238.17022705078125,-114.17314147949219
123.07823944091795,237.2548370361328,-114.17659759521486
120.00885772705078,230.28843688964844,-110.27957916259766
122.15937042236328,234.17149353027344,-112.01212310791016
124.58360290527344,239.1048583984375,-114.52125549316406
123.43012237548828,236.2431182861328,-112.81299591064453
122.04206085205078,234.21969604492188,-112.1776351928711
121.88567352294922,234.7991485595703,-112.9134750366211
124.44674682617188,238.0441436767578,-113.59739685058594
122.60902404785156,236.7790069580078,-114.16998291015625
124.24144744873048,242.1969757080078,-117.95552825927733
124.04597473144533,243.1048126220703,-119.05883789062499
123.99708557128906,242.8826904296875,-118.88560485839844
122.46240997314452,240.7772979736328,-118.3148880004883
121.80746459960938,241.1346435546875,-119.32717895507812
121.48489379882812,238.93267822265625,-117.44778442382812
122.24735260009766,238.83612060546875,-116.5887680053711
120.76153564453124,237.3004913330078,-116.53895568847658
123.05867767333984,242.2066345214844,-119.14795684814456
123.06845092773438,245.1232757568359,-122.05482482910153
123.88957214355467,243.92575073242188,-120.0361785888672
124.27079010009766,244.91082763671875,-120.6400375366211
123.2737045288086,248.43588256835935,-125.16217803955075
124.48584747314452,249.0636749267578,-124.5778274536133
127.5454330444336,250.9952087402344,-123.44977569580081
126.72433471679688,249.51754760742188,-122.793212890625
127.22286987304688,248.5710906982422,-121.34822082519531
128.82594299316406,251.9706115722656,-123.14466857910153
127.52588653564452,250.5510101318359,-123.02512359619139
129.3245086669922,253.64138793945312,-124.31687927246094
130.9667205810547,256.4228210449219,-125.45610046386719
130.69302368164062,256.1910705566406,-125.498046875
130.40953063964844,257.56243896484375,-127.15290832519531
130.11630249023438,255.9496612548828,-125.83335876464844
131.74871826171875,259.52294921875,-127.77423095703125
133.26388549804688,262.11126708984375,-128.84738159179688
133.87969970703125,261.6283874511719,-127.74868774414062
134.1827392578125,262.3043518066406,-128.12161254882812
136.812255859375,268.1473693847656,-131.33511352539062
138.82589721679688,268.15704345703125,-129.33114624023438
141.3185272216797,270.34930419921875,-129.03077697753906
140.0184783935547,267.9251403808594,-127.90666198730469
141.846435546875,268.4273986816406,-126.58096313476562
141.2501220703125,267.82861328125,-126.5784912109375
142.364501953125,271.3634338378906,-128.99893188476562
145.7955780029297,272.8410339355469,-127.04545593261719
145.140625,271.41168212890625,-126.27105712890625
143.0976104736328,271.1412658691406,-128.0436553955078
139.24623107910156,267.5293273925781,-128.28309631347656
142.86302185058594,269.7602233886719,-126.89720153808594
142.1298828125,271.76898193359375,-129.63909912109375
143.49838256835938,276.3468017578125,-132.84841918945312
145.2188262939453,279.75604248046875,-134.53721618652344
145.63917541503906,279.15716552734375,-133.5179901123047
143.46910095214844,276.7330627441406,-133.2639617919922
141.7193145751953,276.42401123046875,-134.70469665527344
142.364501953125,276.6944885253906,-134.32998657226562
142.57952880859375,275.15887451171875,-132.579345703125
142.24720764160156,275.07196044921875,-132.8247528076172
144.04580688476562,277.293212890625,-133.24740600585938
143.64505004882812,276.7041320800781,-133.05908203125
143.75257873535156,279.611083984375,-135.85850524902344
143.06727600097656,279.5531311035156,-136.48585510253906
143.018310546875,278.4618225097656,-135.44351196289062
142.53863525390625,276.636474609375,-134.09783935546875
142.79315185546875,277.1289978027344,-134.33584594726562
145.75949096679688,279.8911437988281,-134.13165283203125
145.9650421142578,282.82708740234375,-136.86204528808594
147.94256591796875,284.51727294921875,-136.57470703125
147.0321502685547,283.0492248535156,-136.01707458496094
143.28265380859375,281.3172302246094,-138.03457641601562
143.61550903320312,287.16168212890625,-143.54617309570312
145.07418823242188,294.5059509277344,-149.4317626953125
146.56224060058594,294.7864990234375,-148.22425842285156
146.47412109375,292.822265625,-146.34814453125
145.24058532714844,292.2320251464844,-146.99143981933594
144.43780517578125,289.4065246582031,-144.96871948242188
145.47555541992188,290.01611328125,-144.54055786132812
149.90054321289062,293.7608337402344,-143.86029052734375
148.63766479492188,292.10626220703125,-143.46859741210938
149.30335998535156,292.05780029296875,-142.7544403076172
150.41937255859375,291.39984130859375,-140.98046875
151.05569458007812,291.39013671875,-140.33444213867188
153.39547729492188,290.46124267578125,-137.06576538085938
151.84869384765625,290.4903259277344,-138.64163208007812
150.83055114746094,287.6260681152344,-136.79551696777344
145.8377685546875,286.13592529296875,-140.29815673828125
146.40560913085938,287.37451171875,-140.96890258789062
145.00563049316406,290.0838928222656,-145.07826232910156
145.89649963378906,294.9510803222656,-149.05458068847656
145.6615447998047,295.3381042480469,-149.6765594482422
142.98898315429688,290.1612243652344,-147.1722412109375
139.9345703125,284.7716064453125,-144.8370361328125
140.41427612304688,285.25537109375,-144.84109497070312
142.78335571289062,288.9130554199219,-146.12969970703125
143.74278259277344,289.8612976074219,-146.11851501464844
143.8308868408203,289.6581115722656,-145.8272247314453
142.3134307861328,284.64581298828125,-142.33238220214844
138.92623901367188,274.34063720703125,-135.41439819335938
139.8268585205078,274.8051452636719,-134.97828674316406
138.52484130859375,272.7924499511719,-134.26760864257812
139.650634765625,279.7399597167969,-140.08932495117188
136.2144775390625,273.94390869140625,-137.72943115234375
138.1430206298828,279.4109802246094,-141.26795959472656
139.01434326171875,283.6200866699219,-144.60574340820312
140.2772216796875,285.3038635253906,-145.02664184570312
139.89537048339844,285.3038635253906,-145.4084930419922
139.8073272705078,284.703857421875,-144.8965301513672
138.53460693359375,283.39764404296875,-144.863037109375
137.94725036621094,286.716552734375,-148.76930236816406
140.73731994628906,292.94805908203125,-152.2107391357422
141.7946319580078,294.3608093261719,-152.56617736816406
143.4686737060547,297.3410949707031,-153.87242126464844
145.63218688964844,298.2506408691406,-152.6184539794922
146.1216583251953,297.4571838378906,-151.3355255126953
146.3370361328125,300.6987609863281,-154.36172485351562
145.56365966796875,299.1505432128906,-153.58688354492188
145.5147247314453,298.15380859375,-152.6390838623047
146.18040466308594,300.0697021484375,-153.88929748535156
145.72027587890625,312.70697021484375,-166.9866943359375
149.3621063232422,313.8487548828125,-164.4866485595703
146.65032958984375,320.88330078125,-174.23297119140625
145.82797241210938,318.7061767578125,-172.87820434570312
146.86572265625,322.34442138671875,-175.47869873046875
148.3048095703125,323.186279296875,-174.8814697265625
147.78591918945312,325.5472717285156,-177.7613525390625
148.3153533935547,325.1795959472656,-176.86424255371094
147.4918212890625,326.0794677734375,-178.587646484375
147.8545379638672,325.0731506347656,-177.21861267089844
145.0211944580078,320.0898742675781,-175.0686798095703
144.97216796875,321.6671447753906,-176.69497680664062
147.05064392089844,325.8182678222656,-178.7676239013672
147.06040954589844,325.18927001953125,-178.1288604736328
148.04086303710938,328.5179138183594,-180.47705078125
150.4820556640625,328.7408447265625,-178.2587890625
154.77621459960938,330.8249816894531,-176.04876708984375
157.40371704101562,332.6087646484375,-175.20504760742188
157.86447143554688,329.4290771484375,-171.56460571289062
158.246826171875,327.3448486328125,-169.0980224609375
158.76646423339844,327.5679016113281,-168.8014373779297
153.7369384765625,319.5897521972656,-165.85281372070312
157.09979248046875,326.3270568847656,-169.22726440429688
162.06060791015625,320.471923828125,-158.41131591796875
161.54098510742188,319.9775695800781,-158.43658447265625
160.55078125,319.405517578125,-158.854736328125
158.66839599609375,313.1239013671875,-154.45550537109375
162.08021545410156,316.20654296875,-154.12632751464844
167.82534790039062,324.6694030761719,-156.84405517578125
171.64892578125,324.7178955078125,-153.0689697265625
171.1391143798828,322.9051208496094,-151.76600646972656
175.9332733154297,332.05615234375,-156.1228790283203
172.29598999023438,329.01220703125,-156.71621704101562
170.91363525390625,318.2907409667969,-147.37710571289062
175.78623962402344,324.40765380859375,-148.6214141845703
168.88424682617188,314.9560546875,-146.07180786132812
167.78614807128906,313.88970947265625,-146.1035614013672
166.4234161376953,310.1188049316406,-143.6953887939453
169.5999298095703,317.27294921875,-147.6730194091797
172.197998046875,323.0020751953125,-150.8040771484375
172.82546997070312,324.4464416503906,-151.6209716796875
176.79603576660156,331.96893310546875,-155.1728973388672
175.7764434814453,330.8056640625,-155.0292205810547
175.86465454101562,331.4842529296875,-155.61959838867188
174.70779418945312,328.93475341796875,-154.22695922851562
174.09014892578125,326.0265808105469,-151.93643188476562
178.44313049316406,324.5046081542969,-146.0614776611328
176.1783905029297,318.9402770996094,-142.7618865966797
171.4920654296875,306.6968078613281,-135.20474243164062
168.62930297851562,304.27337646484375,-135.64407348632812
168.79592895507812,304.4284973144531,-135.632568359375
168.8155975341797,304.65142822265625,-135.83583068847656
171.64892578125,305.3396911621094,-133.69076538085938
172.0901336669922,308.5290222167969,-136.4388885498047
168.8155975341797,295.47125244140625,-126.65565490722656
169.6783447265625,300.70599365234375,-131.02764892578125
166.47239685058594,293.3870849609375,-126.91468811035156
162.9723663330078,294.04620361328125,-131.07383728027344
161.28607177734375,292.3692321777344,-131.08316040039062
159.2272491455078,286.9696350097656,-127.74238586425781
158.4527130126953,287.29925537109375,-128.84654235839844
156.64874267578125,279.66046142578125,-123.01171875
156.560546875,287.62884521484375,-131.06829833984375
156.09976196289062,290.6630554199219,-134.56329345703125
166.99203491210938,298.8253479003906,-131.83331298828125
171.35482788085938,301.4620361328125,-130.10720825195312
171.18817138671875,299.3100891113281,-128.12191772460938
172.39407348632812,303.8661804199219,-131.47210693359375
169.51165771484375,292.0298767089844,-122.51821899414062
169.22698974609375,296.5763854980469,-127.34939575195312
168.51039123535156,291.7391357421875,-123.22874450683594
171.62220764160156,295.2385559082031,-123.61634826660156
173.045654296875,301.68499755859375,-128.63934326171875
168.96197509765625,293.12530517578125,-124.163330078125
165.54579162597656,286.010009765625,-120.46421813964844
165.78138732910156,285.97125244140625,-120.18986511230469
169.61964416503906,291.2737731933594,-121.65412902832031
169.38406372070312,290.9338073730469,-121.54974365234375
165.78138732910156,282.41461181640625,-116.63322448730469
164.23040771484375,279.6947326660156,-115.46432495117188
161.3050537109375,279.4906921386719,-118.18563842773438
157.13302612304688,272.2538146972656,-115.12078857421875
159.75405883789062,286.16424560546875,-126.41018676757812
161.82533264160156,288.8064270019531,-126.98109436035156
162.09039306640625,290.2441101074219,-128.15371704101562
160.2056427001953,286.5139465332031,-126.30830383300781
163.5039520263672,291.6040344238281,-128.10008239746094
163.1800079345703,287.4562072753906,-124.27619934082031
160.17613220214844,281.56951904296875,-121.39338684082031
156.37718200683594,270.93267822265625,-114.55549621582031
154.55130004882812,267.9601745605469,-113.40887451171875
159.96022033691406,280.2484436035156,-120.28822326660156
155.61146545410156,277.4216613769531,-121.81019592285156
151.89100646972656,272.0595703125,-120.16856384277344
147.85641479492188,268.53338623046875,-120.67697143554688
152.24440002441406,278.9370422363281,-126.69264221191406
156.6618194580078,285.969970703125,-129.3081512451172
157.67294311523438,286.7762451171875,-129.10330200195312
160.97125244140625,291.8371887207031,-130.86593627929688
162.3456268310547,290.6034851074219,-128.2578582763672
165.72250366210938,295.36334228515625,-129.64083862304688
167.0869903564453,290.924072265625,-123.83708190917969
170.87615966796875,295.40228271484375,-124.526123046875
171.51422119140625,294.9942626953125,-123.48004150390625
172.37806701660156,301.8134460449219,-129.4353790283203
175.6764373779297,306.38873291015625,-130.71229553222656
174.50827026367188,304.883056640625,-130.37478637695312
171.40628051757812,299.4918518066406,-128.0855712890625
171.11175537109375,300.5701599121094,-129.45840454101562
175.1659698486328,305.9613037109375,-130.7953338623047
171.84800720214844,301.98834228515625,-130.1403350830078
168.67726135253906,290.9338073730469,-122.25654602050781
168.9815673828125,292.75030517578125,-123.76873779296875
166.96922302246094,288.4761657714844,-121.50694274902344
162.70880126953125,277.10107421875,-114.39227294921875
164.58375549316406,273.99261474609375,-109.40885925292969
167.27349853515625,279.3935852050781,-112.12008666992188
162.2572479248047,271.82635498046875,-109.56910705566406
162.04129028320312,272.49658203125,-110.45529174804688
164.3285369873047,277.13995361328125,-112.81141662597656
164.16171264648438,278.16961669921875,-114.00790405273438
163.3665008544922,272.77825927734375,-109.41175842285156
158.8214569091797,266.1922912597656,-107.37083435058594
159.8914794921875,272.6908874511719,-112.79940795898438
153.92303466796875,262.4912414550781,-108.56820678710938
153.69723510742188,275.11944580078125,-121.42221069335938
160.6375274658203,281.34613037109375,-120.70860290527344
154.75747680664062,269.5823974609375,-114.82492065429688
155.06175231933594,276.333740234375,-121.27198791503906
156.55381774902344,273.7206115722656,-117.16679382324219
162.97384643554688,281.68609619140625,-118.71224975585938
153.8936309814453,269.4173278808594,-115.52369689941406
154.62106323242188,266.8722839355469,-112.251220703125
149.4893035888672,257.0126037597656,-107.52330017089844
151.89791870117188,261.7918395996094,-109.8939208984375
144.02333068847656,253.09783935546875,-109.07450866699219
140.14990234375,248.0465545654297,-107.89665222167969
144.6229705810547,253.65147399902344,-109.02850341796875
143.0795440673828,254.02064514160156,-110.94110107421875
146.71702575683594,259.18853759765625,-112.47151184082031
138.4393310546875,247.3877410888672,-108.94841003417969
135.0279998779297,246.47251892089844,-111.44451904296875
135.26393127441406,245.90773010253903,-110.64379882812497
140.69061279296875,253.78468322753903,-113.09407043457028
137.9871063232422,252.78175354003903,-114.79464721679685
138.14442443847656,255.60543823242188,-117.46101379394531
141.3492889404297,258.8963623046875,-117.54707336425781
147.11019897460938,266.0430908203125,-118.93289184570312
146.32374572753906,264.7091979980469,-118.38545227050781
146.1959686279297,265.2446594238281,-119.04869079589844
148.65370178222656,267.3478088378906,-118.69410705566406
142.9222412109375,262.9078674316406,-119.98562622070312
143.66940307617188,261.67132568359375,-118.00192260742188
146.1959686279297,265.322509765625,-119.12654113769531
145.45864868164062,263.28765869140625,-117.82901000976562
140.2285614013672,257.81561279296875,-117.58705139160156
134.8117218017578,246.326416015625,-111.51469421386719
129.65049743652344,235.87908935546875,-106.22859191894531
130.51559448242188,238.05030822753903,-107.53471374511716
133.14047241210938,245.1288299560547,-111.98835754394531
127.86123657226562,238.5177001953125,-110.65646362304688
129.33587646484375,241.12709045410156,-111.79121398925781
133.57301330566406,247.0566864013672,-113.48367309570312
133.0618438720703,246.46275329589844,-113.40090942382812
135.93246459960938,252.04180908203125,-116.10934448242188
139.26515197753906,260.6490478515625,-121.38389587402344
139.26515197753906,257.9129638671875,-118.64781188964844
135.11648559570312,249.7245330810547,-114.60804748535156
136.876220703125,253.4049530029297,-116.52873229980469
134.4086456298828,250.0653076171875,-115.65666198730469
136.581298828125,252.7428741455078,-116.16157531738281
139.1668243408203,255.9267578125,-116.75993347167969
140.50381469726562,259.19818115234375,-118.69436645507812
143.87583923339844,261.33056640625,-117.45472717285156
144.55416870117188,260.61004638671875,-116.05587768554688
142.4208984375,257.5430603027344,-115.12216186523438
143.39413452148438,246.9885406494141,-103.59440612792972
143.03038024902344,246.0635528564453,-103.03317260742188
145.96002197265625,247.3877410888672,-101.42771911621094
147.6312713623047,249.95819091796875,-102.32691955566406
144.5836944580078,247.5532684326172,-102.96957397460938
148.44723510742188,252.6942138671875,-104.24697875976562
150.45272827148438,255.36199951171875,-104.90927124023438
152.7237091064453,257.86431884765625,-105.14060974121094
151.48497009277344,253.50230407714844,-102.017333984375
150.36427307128906,252.0126190185547,-101.64834594726562
149.037109375,245.26515197753903,-96.22804260253903
154.13934326171875,261.6615905761719,-107.52224731445312
154.6898956298828,269.129638671875,-114.43974304199219
159.76263427734375,273.34552001953125,-113.5828857421875
158.779541015625,270.6874084472656,-111.90786743164062
157.30491638183594,267.5814514160156,-110.27653503417969
163.32150268554688,275.02996826171875,-111.70846557617188
163.00686645507812,276.1788635253906,-113.1719970703125
162.78045654296875,275.4583435058594,-112.67788696289062
162.30789184570312,272.9366149902344,-110.62872314453125
162.3571319580078,274.86444091796875,-112.50730895996094
166.6100311279297,281.5437927246094,-114.93376159667969
165.8716583251953,279.4601135253906,-113.58845520019531
169.42555236816406,284.22137451171875,-114.79582214355469
170.4986114501953,285.7402648925781,-115.24165344238281
170.34109497070312,285.0002746582031,-114.6591796875
171.8374786376953,284.2489013671875,-112.41142272949219
171.4436798095703,283.1268615722656,-111.68318176269531
168.8545684814453,279.2044677734375,-110.34989929199219
164.96597290039062,271.0083312988281,-106.0423583984375
164.63124084472656,269.7301330566406,-105.09889221191406
164.9265594482422,269.09588623046875,-104.16932678222656
167.38771057128906,272.0815734863281,-104.69386291503906
161.07730102539062,261.5827941894531,-100.5054931640625
158.87213134765625,258.792236328125,-99.92010498046875
156.44052124023438,256.5870666503906,-100.14654541015625
154.77679443359375,255.1234893798828,-100.34669494628906
155.5052947998047,254.07943725585935,-98.57414245605466
153.38870239257812,249.84478759765625,-96.45608520507812
152.1285858154297,247.10299682617188,-94.97441101074219
153.53634643554688,251.82550048828125,-98.28915405273438
152.05966186523438,252.2450714111328,-100.18540954589844
154.92445373535156,258.0408630371094,-103.11640930175781
160.8902587890625,260.177734375,-99.2874755859375
151.44931030273438,245.87356567382812,-94.42425537109375
152.896484375,246.09799194335935,-93.20150756835935
150.0021514892578,239.42401123046875,-89.42185974121094
148.35809326171875,238.799560546875,-90.44146728515625
152.079345703125,238.58489990234375,-86.50555419921875
154.46177673339844,236.56512451171875,-82.10334777832031
151.33116149902344,233.1501007080078,-81.81893920898438
150.36642456054688,235.13082885742188,-84.764404296875
148.09226989746094,232.1450653076172,-84.05279541015625
148.42703247070312,231.68649291992188,-83.25946044921875
149.40162658691406,230.67173767089844,-81.27011108398438
147.51144409179688,235.21864318847656,-87.70719909667969
140.26585388183594,231.73529052734375,-91.46943664550781
136.05235290527344,227.24691772460935,-91.19456481933591
140.23631286621094,234.89662170410156,-94.66030883789062
143.82958984375,242.8390350341797,-99.00944519042969
144.12493896484375,243.15126037597656,-99.02632141113281
143.17001342773438,240.7997589111328,-97.62974548339844
137.91299438476562,228.5543975830078,-90.64140319824219
138.2378692626953,223.68553161621097,-85.44766235351565
136.8202362060547,219.938720703125,-83.11848449707031
136.19015502929688,220.27047729492188,-84.080322265625
140.7679443359375,228.5543975830078,-87.78645324707031
136.22958374023438,223.0122833251953,-86.78269958496094
140.19692993164062,231.76454162597656,-91.56761169433594
141.51611328125,232.7110137939453,-91.19490051269531
141.62442016601562,230.7400665283203,-89.11564636230469
141.16168212890625,230.4180450439453,-89.25636291503906
144.9813995361328,236.24314880371097,-91.26174926757815
147.12753295898438,241.2485809326172,-94.12104797363281
149.97259521484375,244.5758819580078,-94.60328674316406
147.02906799316406,225.70529174804688,-78.67622375488281
142.54977416992188,221.2462158203125,-78.69644165039062
153.3197784423828,230.14483642578125,-76.82505798339844
150.95706176757812,226.49563598632812,-75.53857421875
148.3088836669922,222.6317443847656,-74.32286071777341
142.77621459960938,214.75762939453125,-71.98141479492188
136.72178649902344,209.0496063232422,-72.32781982421875
136.45555114746094,216.01629638671875,-79.56074523925781
136.988037109375,222.3390350341797,-85.35099792480469
137.55992126464844,223.3147735595703,-85.75485229492188
132.99436950683594,219.06057739257812,-86.06620788574219
144.82748413085938,237.0822601318359,-92.25477600097653
147.61810302734375,241.1120147705078,-93.49391174316406
146.21786499023438,235.68699645996097,-89.46913146972659
147.95335388183594,236.0968017578125,-88.14344787597656
146.7207794189453,236.52728271484375,-89.80650329589844
148.62393188476562,236.47837829589844,-87.85444641113281
149.18597412109375,236.02828979492188,-86.84231567382812
145.9516143798828,236.84043884277344,-90.88882446289062
148.0914306640625,239.7563018798828,-91.66487121582031
148.9690704345703,242.25140380859375,-93.28233337402344
146.05023193359375,242.1633453369141,-96.11311340332034
142.21432495117188,236.55665588378903,-94.34233093261716
139.20672607421875,235.1574249267578,-95.95069885253906
145.9713592529297,249.6486968994141,-103.6773376464844
146.24742126464844,249.2083740234375,-102.96095275878906
145.75437927246094,249.53125,-103.77687072753906
144.59083557128906,244.81500244140625,-100.22416687011719
140.9225616455078,239.8443298339844,-98.92176818847659
138.97994995117188,239.1104736328125,-100.13052368164062
140.66615295410156,242.0752716064453,-101.40911865234375
140.1829833984375,240.1378936767578,-99.95491027832031
142.48056030273438,247.0752868652344,-104.59472656250003
143.44691467285156,251.390380859375,-107.94346618652344
141.21839904785156,251.6839141845703,-110.46551513671875
134.60166931152344,243.6506195068359,-109.04895019531247
132.6393585205078,239.4235687255859,-106.7842102050781
130.52914428710938,235.27484130859375,-104.74569702148438
130.46009826660156,236.5957946777344,-106.13569641113284
133.56626892089844,239.1692047119141,-105.60293579101565
130.3910675048828,233.0634765625,-102.67240905761719
130.0261993408203,233.5918731689453,-103.565673828125
128.22166442871094,231.8599853515625,-103.63832092285156
124.28713989257812,229.4822540283203,-105.19511413574219
127.8074951171875,235.82276916503903,-108.01527404785153
128.12306213378906,234.65841674804688,-106.53535461425781
123.33063507080078,234.423583984375,-111.09294891357422
124.60271453857422,224.16912841796875,-99.56641387939453
123.28134155273438,217.52528381347656,-94.24394226074219
127.81735229492188,220.0888671875,-92.27151489257812
128.33998107910156,222.2317657470703,-93.89178466796875
128.9119110107422,223.92453002929688,-95.01261901855469
131.63352966308594,230.6955718994141,-99.06204223632815
131.55465698242188,233.37661743164065,-101.82196044921878
132.88587951660156,234.0811004638672,-101.19522094726562
134.04946899414062,235.177001953125,-101.12753295898438
133.3296356201172,230.7346954345703,-97.40505981445312
133.38880920410156,226.9382171630859,-93.54940795898435
135.95263671875,235.0498046875,-99.09716796875
139.1476287841797,237.3590087890625,-98.21138000488281
140.54783630371094,236.83062744140625,-96.28279113769531
139.88714599609375,235.431396484375,-95.54425048828125
141.9579620361328,242.66238403320312,-100.70442199707031
143.90054321289062,242.81890869140625,-98.91836547851562
141.01129150390625,237.4862518310547,-96.47496032714844
142.28335571289062,242.47645568847656,-100.19309997558594
143.40750122070312,247.31011962890625,-103.90261840820312
148.72254943847656,258.90509033203125,-110.18254089355469
152.35134887695312,252.78958129882812,-100.438232421875
149.61990356445312,251.2435760498047,-101.62367248535156
152.49929809570312,261.8013610839844,-109.30206298828125
149.80723571777344,260.9892272949219,-111.18199157714844
148.7718048095703,257.9461975097656,-109.17439270019531
149.1372528076172,257.4373779296875,-108.30012512207031
151.9420623779297,265.4804382324219,-113.53837585449219
151.3000946044922,266.31219482421875,-115.01210021972656
153.4036865234375,264.18353271484375,-110.77984619140625
151.8037872314453,257.1502380371094,-105.34645080566406
150.65814208984375,253.13824462890625,-102.4801025390625
146.6386260986328,247.85108947753903,-101.21246337890622
147.0633087158203,246.71322631835935,-99.64991760253903
147.5472412109375,249.91107177734375,-102.36383056640625
144.89059448242188,244.4668731689453,-99.57627868652344
146.08560180664062,245.38897705078125,-99.30337524414062
145.58189392089844,244.66307067871097,-99.08117675781253
143.50794982910156,241.5731506347656,-98.06520080566403
144.1005096435547,246.32086181640625,-102.22035217285156
149.156982421875,250.4210968017578,-101.26411437988281
151.92227172851562,251.9709625244141,-100.04869079589847
149.71994018554688,249.3028564453125,-99.58291625976562
150.97418212890625,248.8614196777344,-97.88723754882815
148.7224578857422,247.5077667236328,-98.78530883789062
146.65838623046875,243.848876953125,-97.19049072265625
148.6039581298828,249.0772399902344,-100.47328186035159
150.69764709472656,255.81619262695312,-105.11854553222656
151.0926971435547,260.3775329589844,-109.28483581542969
153.917236328125,270.9323425292969,-117.01510620117188
153.07777404785156,274.1007385253906,-121.02296447753906
155.447998046875,267.03802490234375,-111.59002685546875
157.3046875,268.5585021972656,-111.25381469726562
155.87266540527344,267.096923828125,-111.22425842285156
156.9590301513672,272.364501953125,-115.40547180175781
158.26268005371094,275.21893310546875,-116.95625305175781
156.31712341308594,271.10888671875,-114.79176330566406
155.6949005126953,269.9808349609375,-114.28593444824219
158.77622985839844,275.16015625,-116.38392639160156
160.34652709960938,278.63262939453125,-118.28610229492188
162.85501098632812,282.80157470703125,-119.94656372070312
164.10926818847656,281.751953125,-117.64268493652344
163.57595825195312,281.702880859375,-118.12692260742188
161.72915649414062,278.91705322265625,-117.18789672851562
162.6179962158203,286.03863525390625,-123.42063903808594
160.02059936523438,283.8707580566406,-123.85015869140625
158.8058624267578,277.4358825683594,-118.63002014160156
158.1145477294922,278.08331298828125,-119.96876525878906
163.50682067871094,284.31219482421875,-120.80537414550781
163.1611785888672,280.68280029296875,-117.52162170410156
163.180908203125,283.2919921875,-120.111083984375
164.40553283691406,282.8702392578125,-118.46470642089844
165.55116271972656,282.94866943359375,-117.39750671386719
164.58328247070312,280.65338134765625,-116.07009887695312
162.97352600097656,280.30999755859375,-117.33647155761719
163.2796630859375,276.39605712890625,-113.11639404296875
161.739013671875,270.1672058105469,-108.42819213867188
161.72915649414062,289.7367248535156,-128.007568359375
166.32147216796875,299.0163269042969,-132.69485473632812
167.57569885253906,301.3999938964844,-133.8242950439453
167.48684692382812,299.7323913574219,-132.24554443359375
166.44989013671875,299.5852355957031,-133.13534545898438
165.3733673095703,298.5945129394531,-133.2211456298828
163.73394775390625,299.5852355957031,-135.85128784179688
171.41751098632812,304.7253112792969,-133.30780029296875
171.3483428955078,302.7634582519531,-131.4151153564453
169.63978576660156,301.1449279785156,-131.50514221191406
171.40762329101562,306.3536071777344,-134.94598388671875
171.59524536132812,304.1955871582031,-132.600341796875
170.6656494140625,303.07733154296875,-132.41168212890625
170.171142578125,303.5580139160156,-133.38687133789062
170.171142578125,305.7945251464844,-135.62338256835938
170.7843017578125,308.68475341796875,-137.90045166015625
173.11825561523438,313.12823486328125,-140.00997924804688
173.22705078125,312.9512634277344,-139.72421264648438
172.27764892578125,315.7431945800781,-143.46554565429688
169.666748046875,309.9234313964844,-140.25668334960938
169.94366455078125,308.53729248046875,-138.5936279296875
171.08099365234375,320.4029846191406,-149.32199096679688
173.4940643310547,327.2549743652344,-153.7609100341797
175.34341430664062,325.6034240722656,-150.260009765625
175.29397583007812,322.8311767578125,-147.53720092773438
178.10264587402344,326.9501647949219,-148.84751892089844
178.953125,329.7225036621094,-150.76937866210938
177.59825134277344,330.25335693359375,-152.6551055908203
177.2323455810547,328.0316162109375,-150.7992706298828
175.857666015625,317.906005859375,-142.04833984375
178.57736206054688,319.754150390625,-141.17678833007812
178.96302795410156,321.2582702636719,-142.2952423095703
181.76182556152344,326.2325744628906,-144.4707489013672
181.28709411621097,328.6312561035156,-147.34416198730466
181.92002868652344,331.6296081542969,-149.70957946777344
183.95730590820312,342.2075500488281,-158.250244140625
182.87933349609375,336.53515625,-153.65582275390625
182.96832275390625,332.3276672363281,-149.35934448242188
181.9299468994141,327.9136657714844,-145.98371887207028
184.93638610839844,333.9595642089844,-149.02317810058594
184.6199188232422,329.34893798828125,-144.72901916503906
183.2254638671875,323.0376281738281,-139.81216430664062
185.98468017578125,328.9065246582031,-142.92184448242188
187.16156005859375,330.16485595703125,-143.0032958984375
187.497802734375,329.37841796875,-141.880615234375
191.82945251464844,334.7755126953125,-142.94606018066406
190.3361358642578,332.26861572265625,-141.93247985839844
189.2185821533203,332.4259338378906,-143.2073516845703
189.6933135986328,335.4931335449219,-145.79981994628906
188.57574462890625,331.5116271972656,-142.93588256835938
186.5286102294922,326.2129211425781,-139.68431091308594
186.0044708251953,326.8420715332031,-140.8376007080078
187.67581176757812,331.4920654296875,-143.81625366210938
188.43728637695312,336.85955810546875,-148.42227172851562
188.58566284179688,339.39593505859375,-150.81027221679688
191.84927368164065,339.87762451171875,-148.0283508300781
191.5921173095703,353.4046936035156,-161.8125762939453
192.94699096679688,349.0693664550781,-156.12237548828125
190.9987335205078,340.9983215332031,-149.9995880126953
189.8218536376953,337.9507751464844,-148.12892150878906
190.62294006347656,339.2680969238281,-148.64515686035156
191.4833068847656,345.0387268066406,-153.55541992187503
192.3536071777344,332.0523376464844,-139.69873046874997
191.08773803710935,325.1217346191406,-134.03399658203128
193.66891479492188,332.6422119140625,-138.97329711914062
194.28208923339844,330.23370361328125,-135.9516143798828
193.45135498046875,330.6465759277344,-137.19522094726562
190.454833984375,321.9562683105469,-131.50143432617188
189.06036376953125,321.13043212890625,-132.070068359375
179.98165893554688,322.2314453125,-142.24978637695312
176.87631225585938,324.52203369140625,-147.64572143554688
177.8158416748047,320.53076171875,-142.7149200439453
176.22361755371094,316.7754211425781,-140.5518035888672
176.00601196289062,317.4636535644531,-141.4576416015625
176.06544494628906,315.5760803222656,-139.51063537597656
177.7192840576172,318.5548095703125,-140.8355255126953
175.72874450683594,316.41168212890625,-140.6829376220703
174.85728454589844,315.6432800292969,-140.78599548339844
172.31222534179688,312.1755676269531,-139.86334228515625
172.79747009277344,311.781494140625,-138.98402404785156
174.13436889648438,317.101318359375,-142.96694946289062
175.5108642578125,317.6726989746094,-142.16183471679688
179.3631591796875,322.145263671875,-142.7821044921875
174.66912841796875,315.2196350097656,-140.55050659179688
176.8774871826172,318.1849670410156,-141.30747985839844
178.44215393066406,318.89434814453125,-140.4521942138672
182.3340301513672,323.5343322753906,-141.20030212402344
185.8298187255859,323.9087219238281,-138.07890319824222
186.04766845703125,322.8940124511719,-136.84634399414062
187.62225341796875,323.7806396484375,-136.15838623046875
187.8599090576172,328.5980224609375,-140.7381134033203
181.13577270507812,327.93798828125,-146.80221557617188
175.83767700195312,325.0120849609375,-149.17440795898438
176.45162963867188,329.307373046875,-152.85574340820312
177.62022399902344,332.9228820800781,-155.3026580810547
174.5899200439453,326.84442138671875,-152.25450134277344
172.52017211914062,331.07080078125,-158.55062866210938
174.03533935546875,333.6716003417969,-159.63626098632812
173.31240844726562,325.3175048828125,-152.00509643554688
176.2436981201172,324.1746826171875,-147.9309844970703
177.33302307128906,323.770751953125,-146.43772888183594
173.78778076171875,316.0077819824219,-142.22000122070312
172.2428741455078,314.7861633300781,-142.5432891845703
173.09457397460938,312.3036193847656,-139.20904541015625
174.3720245361328,312.8257141113281,-138.4536895751953
170.29202270507812,307.505859375,-137.21383666992188
168.77684020996094,308.146240234375,-139.36940002441406
169.03433227539062,308.98370361328125,-139.94937133789062
169.54928588867188,311.0622863769531,-141.51300048828125
172.06463623046875,317.0224304199219,-144.95779418945312
170.72772216796875,308.7373352050781,-138.00961303710938
171.9755096435547,314.2246398925781,-142.24913024902344
173.21339416503906,314.6186828613281,-141.40528869628906
175.7683563232422,322.4014587402344,-146.6331024169922
177.25379943847656,324.9234313964844,-147.6696319580078
176.6596221923828,323.5146484375,-146.8550262451172
178.0559539794922,327.48480224609375,-149.42884826660156
178.95713806152344,326.2435302734375,-147.28639221191406
177.1151885986328,322.86444091796875,-145.74925231933594
176.98643493652344,327.7015686035156,-150.7151336669922
175.43165588378906,327.1301574707031,-151.69850158691406
174.13436889648438,325.2091369628906,-151.07476806640625
173.758056640625,326.4011535644531,-152.64309692382812
171.2030792236328,321.82025146484375,-150.61717224121094
171.32191467285156,324.43084716796875,-153.1089324951172
171.7576141357422,325.6228942871094,-153.8652801513672
169.44033813476562,335.6123352050781,-166.1719970703125
165.2711639404297,323.0220947265625,-157.7509307861328
166.58827209472656,324.91357421875,-158.32530212402344
168.63819885253906,332.3022155761719,-163.6640167236328
169.11355590820312,333.0903625488281,-163.976806640625
172.28248596191406,340.93212890625,-168.64964294433594
175.8475799560547,343.1488037109375,-167.3012237548828
174.93649291992188,347.5622253417969,-172.625732421875
177.491455078125,351.2368469238281,-173.74539184570312
180.0563507080078,355.1775207519531,-175.1211700439453
181.115966796875,357.807861328125,-176.69189453125
180.640625,355.3351135253906,-174.69448852539062
184.83511352539065,364.1817932128906,-179.34667968749997
183.24856567382812,361.2362365722656,-177.9876708984375
185.8664093017578,364.7728576660156,-178.9064483642578
186.4315948486328,364.92095947265625,-178.48936462402344
188.11734008789065,371.33746337890625,-183.2201232910156
188.09750366210935,365.09869384765625,-177.0011901855469
189.84271240234375,372.5911560058594,-182.74844360351562
189.03953552246097,368.27728271484375,-179.23774719238278
189.70388793945312,372.9959106445313,-183.29202270507818
188.3751678466797,372.5812377929687,-184.206069946289
188.1966552734375,373.74609375,-185.5494384765625
188.80154418945312,377.7835998535156,-188.9820556640625
187.7801971435547,373.9830017089844,-186.2028045654297
188.35531616210935,374.0422973632813,-185.68698120117196
189.63449096679688,369.69879150390625,-180.06430053710938
187.83966064453125,364.3977966308594,-176.55813598632812
191.79620361328125,367.7343444824219,-175.93814086914062
190.70545959472656,364.0621337890625,-173.35667419433594
192.6390686035156,366.1845397949219,-173.54547119140628
194.0669708251953,369.42242431640625,-175.35545349121094
191.5581817626953,366.5299682617187,-174.97178649902338
193.0753631591797,369.5704650878906,-176.49510192871094
196.29806518554688,369.56060791015625,-173.26254272460938
196.4468231201172,361.22900390625,-164.7821807861328
195.91134643554688,365.96734619140625,-170.05599975585938
194.2454376220703,367.8626708984375,-173.6172332763672
195.28662109375,368.4648742675781,-173.17825317382812
193.19435119628903,365.8587646484375,-172.66441345214847
193.04559326171875,368.74127197265625,-175.6956787109375
191.97467041015625,369.7678833007813,-177.79321289062506
191.42930603027344,369.8468933105469,-178.41758728027344
191.52842712402344,369.2644348144531,-177.7360076904297
191.95486450195312,370.4588928222656,-178.5040283203125
190.9136657714844,371.2090759277344,-180.29541015624997
184.08151245117188,366.1055603027344,-182.0240478515625
182.70318603515625,365.8390197753906,-183.13583374023438
180.38282775878903,363.2131958007813,-182.83036804199227
179.65895080566406,363.025634765625,-183.36668395996094
184.0021820068359,369.8764953613281,-185.87431335449222
183.5857086181641,370.96240234375,-187.3766937255859
184.62689208984375,377.8526611328125,-193.22576904296875
184.03192138671875,379.6887512207031,-195.65682983398438
184.3591461181641,383.4794921875,-199.1203460693359
182.08836364746097,385.2563171386719,-203.1679534912109
181.14634704589844,384.4666137695313,-203.32026672363287
187.0464324951172,388.81005859375,-201.7636260986328
189.95179748535156,393.5484313964844,-203.5966339111328
192.26223754882812,391.4161987304687,-199.15396118164057
193.54139709472656,393.7754821777344,-200.2340850830078
192.86712646484375,397.3884582519531,-204.52133178710938
192.53988647460935,399.6687622070313,-207.12887573242196
190.80458068847656,398.7408752441406,-207.93629455566406
190.120361328125,404.4564514160156,-214.33609008789062
186.4613494873047,403.3409729003906,-216.87962341308594
182.85189819335935,392.472412109375,-209.62051391601565
185.291259765625,398.5928039550781,-213.30154418945312
184.2897491455078,405.9372253417969,-221.64747619628906
186.10438537597656,400.4387817382813,-214.33439636230474
187.71078491210935,400.28076171875,-212.56997680664065
187.81988525390625,408.7307739257813,-220.91088867187506
186.7389984130859,408.7900085449219,-222.05101013183597
187.5035400390625,415.1473083496094,-227.64376831054688
185.8156280517578,409.92529296875,-224.1096649169922
183.7206573486328,401.1001281738281,-217.3794708251953
182.8369903564453,404.9769592285156,-222.1399688720703
182.5490875244141,402.0792236328125,-219.5301361083984
181.0101318359375,399.6067810058594,-218.59664916992188
180.26548767089844,398.3507690429687,-218.08528137207026
181.02008056640625,397.74749755859375,-216.7274169921875
183.05545043945312,407.1130981445313,-224.05764770507818
181.21864318847656,405.8175659179687,-224.59892272949213
179.86834716796875,403.0484313964844,-223.18008422851562
181.32785034179688,402.9890747070313,-221.66122436523443
180.12646484375,403.2264099121094,-223.09994506835938
179.46127319335938,409.0811767578125,-229.61990356445312
178.37905883789062,410.9206848144531,-232.5416259765625
173.85154724121094,410.34710693359375,-236.4955596923828
168.9070587158203,398.2123107910156,-229.3052520751953
167.91416931152344,397.6584777832031,-229.7443084716797
167.7950439453125,404.6308288574219,-236.83578491210938
169.5126953125,401.7429809570313,-232.2302856445313
171.51829528808594,400.0617065429687,-228.54341125488276
171.994873046875,410.703125,-238.708251953125
169.90985107421875,410.5251159667969,-240.61526489257812
171.7665252685547,420.5335693359375,-248.7670440673828
171.38922119140625,411.83056640625,-240.44134521484375
172.4813690185547,412.7206115722656,-240.23924255371094
174.82455444335938,416.76556396484375,-241.94100952148438
177.39610290527344,420.54345703125,-243.14735412597656
170.1481475830078,424.6378479003906,-254.4897003173828
171.05165100097656,424.0147705078125,-252.96311950683594
169.63186645507812,418.1995544433594,-248.56768798828125
168.49998474121094,417.0028991699219,-248.50291442871094
172.07431030273438,416.7853088378906,-244.71099853515625
170.25735473632812,416.0831604003906,-245.8258056640625
168.81768798828125,419.8907165527344,-251.07302856445312
167.6361846923828,416.7952270507813,-249.1590423583985
168.44041442871094,415.8161926269531,-247.3757781982422
167.61631774902344,413.27447509765625,-245.6581573486328
168.37091064453125,420.8302917480469,-252.45938110351562
167.24896240234375,419.9105224609375,-252.66156005859375
168.46023559570312,421.5818481445313,-253.12161254882818
166.58372497558594,418.59515380859375,-252.0114288330078
173.7919921875,423.2136840820313,-249.4216918945313
175.29122924804688,417.2501831054687,-241.95895385742182
171.45872497558594,409.0811767578125,-237.62245178222656
168.17233276367188,410.0108337402344,-241.8385009765625
166.8021697998047,407.301025390625,-240.4988555908203
165.84901428222656,399.8144836425781,-233.96546936035156
163.82357788085938,394.7212219238281,-230.89764404296875
164.65757751464844,396.54095458984375,-231.8833770751953
165.7100067138672,403.0780944824219,-237.3680877685547
167.8148956298828,404.5516357421875,-236.7367401123047
168.6787109375,394.64208984375,-225.96337890625
168.0928955078125,401.8418884277344,-233.74899291992188
172.26295471191406,397.8167419433594,-225.5537872314453
169.1155548095703,385.0390930175781,-215.9235382080078
168.0928955078125,390.5872802734375,-222.494384765625
171.79629516601562,393.455322265625,-221.65902709960938
182.0724945068359,402.1781005859375,-220.1056060791016
180.41441345214844,408.9823303222656,-228.5679168701172
181.0994873046875,404.8285827636719,-223.72909545898438
181.43707275390625,406.015380859375,-224.57830810546875
183.2540283203125,407.7757568359375,-224.521728515625
181.99136352539065,410.1690673828125,-228.17770385742185
185.20269775390625,409.1603088378906,-223.95761108398438
186.3460235595703,411.9690246582031,-225.6230010986328
188.6228179931641,419.171875,-230.5490570068359
188.7420959472656,417.1011657714844,-228.35906982421878
188.7719268798828,416.328369140625,-227.5564422607422
189.9351501464844,421.4109802246094,-231.47583007812497
191.23757934570312,425.0768127441406,-233.8392333984375
189.7959747314453,426.5431213378906,-236.7471466064453
185.7992401123047,423.0556640625,-237.2564239501953
188.88128662109375,426.18646240234375,-237.30517578125
188.89125061035156,426.344970703125,-237.45372009277344
189.18951416015625,425.20562744140625,-236.01611328125
190.1837158203125,410.8395385742187,-220.6558227539062
191.13818359375,411.2953186035156,-220.15713500976562
192.90789794921875,409.7001647949219,-216.79226684570312
193.2260284423828,412.22662353515625,-219.00059509277344
194.7372283935547,420.0932922363281,-225.35606384277344
193.3552703857422,420.5985412597656,-227.24327087402344
195.7513427734375,419.9347229003906,-224.18338012695312
192.0031280517578,423.9176025390625,-231.9144744873047
205.95199584960935,428.6831970214844,-222.73120117187503
211.83778381347656,436.9858093261719,-225.1480255126953
213.00099182128903,437.5009765625,-224.49998474121097
211.2611083984375,438.4818420410156,-227.22073364257812
215.4169464111328,444.2282409667969,-228.81129455566406
213.0507049560547,442.2170104980469,-229.1663055419922
208.4673614501953,441.5829162597656,-233.1155548095703
206.29002380371097,445.6251831054687,-239.33515930175773
206.936279296875,443.5347595214844,-236.59848022460938
207.86090087890625,446.784423828125,-238.92352294921875
212.01670837402344,447.9832458496094,-235.96653747558594
212.86180114746097,448.6669006347656,-235.80509948730466
209.40191650390625,442.82135009765625,-233.41943359375
215.49647521972656,452.5110473632813,-237.01457214355474
218.9961395263672,455.0374755859375,-236.0413360595703
220.2687225341797,456.5137023925781,-236.24497985839844
225.0310211181641,463.240966796875,-238.2099456787109
226.50245666503903,461.9331970214844,-235.43074035644534
227.35748291015625,455.2951049804687,-227.93762207031244
231.6326141357422,461.9430847167969,-230.3104705810547
226.25390625,450.4997863769531,-224.24588012695312
229.2067108154297,449.3603820800781,-220.15367126464844
233.04440307617188,449.7666015625,-216.72219848632812
233.4619903564453,445.3675842285156,-211.9055938720703
227.55633544921875,439.4230346679687,-211.86669921874994
222.8834991455078,436.3021545410156,-213.4186553955078
223.01275634765625,433.0722961425781,-210.05953979492188
222.6647796630859,438.8484191894531,-216.18363952636722
223.70870971679688,440.74078369140625,-217.03207397460938
217.276123046875,424.9380798339844,-207.66195678710938
216.2321929931641,414.53509521484375,-198.30290222167966
216.6994781494141,421.3416137695313,-204.64213562011722
216.9778594970703,422.78814697265625,-205.81028747558594
217.5346221923828,419.0133361816406,-201.4787139892578
220.795654296875,414.4855651855469,-193.68991088867188
217.09718322753903,413.2569885253906,-196.1598052978516
218.58848571777344,404.7166137695313,-186.12812805175787
208.0597381591797,391.4998779296875,-183.4401397705078
206.03152465820312,395.918701171875,-189.88717651367188
208.6065673828125,394.74957275390625,-186.14300537109375
212.0763702392578,398.9702453613281,-186.8938751220703
214.98944091796875,402.2694396972656,-187.27999877929688
216.5222930908203,403.0521545410156,-186.5298614501953
220.24497985839844,410.1856689453125,-189.94068908691406
220.69288635253903,413.0093078613281,-192.3164215087891
223.6790008544922,417.89263916015625,-194.21363830566406
225.0028381347656,415.3517150878906,-190.34887695312503
224.84356689453125,418.388916015625,-193.54534912109375
225.4606781005859,421.6345520019531,-196.17387390136722
225.35121154785156,420.9795227050781,-195.62831115722656
223.4898681640625,412.4534912109375,-188.963623046875
225.7891845703125,413.6842346191406,-187.89505004882812
226.12759399414065,410.4088439941406,-184.28124999999997
226.97366333007812,410.7562255859375,-183.78256225585938
225.44081115722656,407.5403747558594,-182.0995635986328
228.7254943847656,410.04156494140625,-181.31607055664065
227.9391632080078,414.03167724609375,-186.09251403808594
221.738037109375,406.3890075683594,-184.65097045898438
219.8269195556641,405.8530578613281,-186.02613830566403
221.34982299804688,405.3468322753906,-183.99700927734375
219.79705810546875,398.7066955566406,-178.90963745117188
219.8866424560547,402.6967468261719,-182.8101043701172
219.09034729003903,411.1135559082031,-192.0232086181641
221.6285400390625,419.8877258300781,-198.25918579101562
221.738037109375,423.8181762695313,-202.0801391601563
221.4692840576172,427.38140869140625,-205.91212463378906
215.3179168701172,428.1257934570313,-212.80787658691412
215.78570556640625,431.9074401855469,-216.12173461914062
219.6676788330078,427.5997924804687,-207.93211364746088
227.8097686767578,435.4210815429687,-207.61131286621088
227.1428680419922,432.0264892578125,-204.8836212158203
225.42088317871097,430.2796630859375,-204.85877990722653
226.31671142578125,425.9720153808594,-199.65530395507812
225.3213348388672,428.89007568359375,-203.56874084472656
226.46603393554688,428.0960388183594,-201.6300048828125
226.73475646972656,424.83056640625,-198.09580993652344
231.9206390380859,427.0935668945313,-195.1729278564454
225.162109375,417.5552062988281,-192.39309692382812
225.7294464111328,414.021728515625,-188.2922821044922
224.6246032714844,413.4361267089844,-188.81152343749997
225.7493438720703,412.959716796875,-187.2103729248047
220.6630401611328,406.48828125,-185.8252410888672
224.72413635253903,411.6197509765625,-186.89561462402347
228.4766540527344,414.3492431640625,-185.8725891113281
227.97897338867188,412.7413024902344,-184.7623291015625
226.4958953857422,413.2177734375,-186.7218780517578
230.228515625,416.0167236328125,-185.7882080078125
232.7666931152344,415.6197204589844,-182.85302734374997
230.7062835693359,413.0192260742187,-182.31294250488278
231.07456970214844,413.6147766113281,-182.5402069091797
233.9113616943359,415.0440368652344,-181.13267517089847
235.38449096679688,415.6594543457031,-180.27496337890625
234.76739501953125,424.3243713378906,-189.55697631835938
229.6909942626953,421.4360656738281,-191.7450714111328
229.5019073486328,421.5650939941406,-192.0631866455078
230.3380126953125,424.9596252441406,-194.62161254882812
232.31878662109375,423.4112243652344,-191.09243774414062
232.58753967285156,428.7313232421875,-196.14378356933594
229.03407287597656,429.3069458007813,-200.27287292480474
224.8634796142578,403.3220520019531,-178.4585723876953
221.8773651123047,407.3121032714844,-185.4347381591797
220.9815368652344,405.4163208007813,-184.4347839355469
222.4148712158203,408.3939514160156,-185.9790802001953
221.6882476806641,417.0489807128906,-195.36073303222653
226.4262237548828,422.2598571777344,-195.83363342285156
226.15716552734375,419.3914184570313,-193.23425292968756
223.4368133544922,414.8951721191406,-191.45835876464844
223.4368133544922,419.8777160644531,-196.44090270996094
224.3236541748047,422.0315856933594,-197.7079315185547
227.41270446777344,423.7090148925781,-196.2963104248047
224.2041015625,411.9075927734375,-187.7034912109375
227.21340942382812,412.6619262695313,-185.44851684570318
227.4724884033203,414.67681884765625,-187.20433044433594
228.18994140625,412.3939208984375,-184.2039794921875
227.7116546630859,410.61370849609375,-182.90205383300784
229.0568695068359,414.72113037109375,-185.66426086425784
232.04624938964844,416.5013732910156,-184.4551239013672
234.228515625,425.6510925292969,-191.42257690429688
234.0989532470703,420.6784362792969,-186.57948303222656
236.490478515625,421.1458435058594,-184.65536499023438
238.74246215820312,428.6247863769531,-189.88232421875
241.79165649414065,428.8435668945313,-187.05191040039065
242.150390625,435.0295715332031,-192.87918090820312
242.1802673339844,440.2011413574219,-198.02087402343747
241.98097229003903,441.1459655761719,-199.16499328613284
245.8771514892578,443.5825500488281,-197.7053985595703
246.8935546875,440.9072570800781,-194.01370239257812
245.6180877685547,446.5363464355469,-200.9182586669922
247.08287048339844,447.1032104492187,-200.02033996582026
247.2522735595703,444.8257141113281,-197.5734405517578
250.1519775390625,449.1221008300781,-198.97012329101562
252.58334350585935,451.9764099121094,-199.39306640625003
247.1725616455078,434.999755859375,-187.8271942138672
248.90640258789065,434.6416931152344,-185.73529052734372
253.58978271484375,434.2140808105469,-180.62429809570312
254.3670196533203,432.8714294433594,-178.50440979003906
257.28668212890625,436.9291076660156,-179.64242553710938
258.1037292480469,435.7157897949219,-177.612060546875
254.6858673095703,428.1772155761719,-173.49134826660156
251.3078765869141,422.50836181640625,-171.20048522949216
249.5341796875,419.1965637207031,-169.66238403320312
