Date,KO,PEP
2020-01-02,46.066402435302734,114.22039031982422
2020-01-03,45.81509017944336,114.06061553955078
2020-01-06,45.798336029052734,114.49791717529297
2020-01-07,45.44650650024414,112.69823455810547
2020-01-08,45.53026580810547,113.27849578857422
2020-01-09,46.359615325927734,113.35419464111328
2020-01-10,46.518775939941406,113.13552856445312
2020-01-13,47.021419525146484,114.81746673583984
2020-01-14,46.912513732910156,115.08660888671875
2020-01-15,47.49891662597656,117.06287384033203
2020-01-16,47.59944534301758,117.40766906738281
2020-01-17,47.69997024536133,118.79524993896484
2020-01-21,47.89263916015625,119.29986572265625
2020-01-22,48.2612419128418,120.57813262939453
2020-01-23,48.44554901123047,120.80518341064453
2020-01-24,48.31988525390625,120.19125366210938
2020-01-27,48.152339935302734,119.53529357910156
2020-01-28,47.758609771728516,119.78760528564453
2020-01-29,47.758609771728516,119.19050598144531
2020-01-30,49.30840301513672,120.95655822753906
2020-01-31,48.92304611206055,119.43440246582031
2020-02-03,49.0738410949707,119.84646606445312
2020-02-04,49.29164505004883,120.44355773925781
2020-02-05,49.300018310546875,121.3517837524414
2020-02-06,49.41730499267578,121.3770523071289
2020-02-07,49.58485412597656,122.25163269042969
2020-02-10,50.05398178100586,122.49556732177734
2020-02-11,49.91993713378906,122.8487548828125
2020-02-12,49.76914978027344,122.8487548828125
2020-02-13,49.93668746948242,123.17668914794922
2020-02-14,50.221519470214844,123.6139907836914
2020-02-18,49.86967086791992,122.44507598876953
2020-02-19,50.07072067260742,122.3862075805664
2020-02-20,50.028831481933594,122.0750503540039
2020-02-21,50.372318267822266,122.65534973144531
2020-02-24,49.13248062133789,119.95578002929688
2020-02-25,48.43716812133789,118.66071319580078
2020-02-26,48.252864837646484,119.40078735351562
2020-02-27,46.016143798828125,114.68292999267578
2020-02-28,44.80982971191406,111.0331039428711
2020-03-02,46.84549331665039,115.70050811767578
2020-03-03,46.96277618408203,114.0185546875
2020-03-04,49.35866165161133,119.74555969238281
2020-03-05,47.53242111206055,116.9219970703125
2020-03-06,46.29259490966797,116.21080780029297
2020-03-09,43.44432830810547,110.19962310791016
2020-03-10,44.95223617553711,113.56926727294922
2020-03-11,43.73754119873047,109.85248565673828
2020-03-12,39.50703430175781,97.65229034423828
2020-03-13,40.9605598449707,107.90519714355469
2020-03-16,38.24787521362305,95.74732208251953
2020-03-17,39.870418548583984,108.13378143310547
2020-03-18,37.90140151977539,102.37657928466797
2020-03-19,35.34928894042969,99.34558868408203
2020-03-20,32.36619567871094,87.99202728271484
2020-03-23,31.740840911865234,89.05035400390625
2020-03-24,33.33802032470703,96.38232421875
2020-03-25,35.16337585449219,95.24781799316406
2020-03-26,37.42816162109375,101.81779479980469
2020-03-27,36.17745590209961,101.98712921142578
2020-03-30,38.02815628051758,106.23731231689453
2020-03-31,37.39435577392578,101.68233489990234
2020-04-01,35.5943603515625,100.00597381591797
2020-04-02,37.14083480834961,104.86573791503906
2020-04-03,37.0394287109375,105.48377990722656
2020-04-06,39.43942642211914,111.04627990722656
2020-04-07,39.30421829223633,110.47052001953125
2020-04-08,40.411251068115234,112.27389526367188
2020-04-09,41.408447265625,113.137451171875
2020-04-13,39.65915298461914,110.81766510009766
2020-04-14,41.3408317565918,117.17597961425781
2020-04-15,40.23379135131836,114.32276153564453
2020-04-16,39.80281066894531,114.83922576904297
2020-04-17,40.614078521728516,116.45634460449219
2020-04-20,39.32112503051758,113.9163818359375
2020-04-21,38.34928894042969,110.86000061035156
2020-04-22,38.602813720703125,112.28236389160156
2020-04-23,38.087318420410156,110.2842788696289
2020-04-24,38.391536712646484,113.75552368164062
2020-04-27,39.53239440917969,113.84019470214844
2020-04-28,39.498592376708984,115.41496276855469
2020-04-29,39.81971740722656,112.90889739990234
2020-04-30,38.7802734375,112.0029525756836
2020-05-01,38.53520202636719,110.18269348144531
2020-05-04,38.1464729309082,110.84304809570312
2020-05-05,38.366188049316406,111.47805786132812
2020-05-06,37.81689453125,110.72451782226562
2020-05-07,37.69013595581055,111.37644958496094
2020-05-08,38.96620178222656,113.64546966552734
2020-05-11,38.484493255615234,113.77245330810547
2020-05-12,37.87604522705078,112.55327606201172
2020-05-13,37.132381439208984,112.57023620605469
2020-05-14,36.92957305908203,112.67183685302734
2020-05-15,36.5577392578125,115.1016845703125
2020-05-18,38.0028076171875,114.73766326904297
2020-05-19,37.63943099975586,111.52886199951172
2020-05-20,38.7802734375,111.13090515136719
2020-05-21,38.17182540893555,110.24197387695312
2020-05-22,38.05351257324219,110.47052001953125
2020-05-26,38.94929504394531,109.85248565673828
2020-05-27,39.49013137817383,110.74993133544922
2020-05-28,39.79436492919922,112.0029525756836
2020-05-29,39.4478874206543,111.37644958496094
2020-06-01,39.70985412597656,112.59562683105469
2020-06-02,39.6338005065918,112.29084014892578
2020-06-03,40.47886657714844,112.45169830322266
2020-06-04,40.49577331542969,111.40479278564453
2020-06-05,41.4845085144043,113.00032043457031
2020-06-08,42.12675094604492,112.80404663085938
2020-06-09,41.408447265625,113.4525375366211
2020-06-10,41.08732604980469,114.44223022460938
2020-06-11,38.484493255615234,109.07550811767578
2020-06-12,38.885284423828125,110.06521606445312
2020-06-15,39.48221969604492,111.32798767089844
2020-06-16,39.88300323486328,112.34334564208984
2020-06-17,39.72099304199219,112.42012786865234
2020-06-18,40.07061767578125,113.2904052734375
2020-06-19,39.243446350097656,112.01057434082031
2020-06-22,39.00467300415039,111.8143310546875
2020-06-23,38.91939926147461,112.078857421875
2020-06-24,38.0751838684082,110.54305267333984
2020-06-25,38.31394958496094,112.12149047851562
2020-06-26,37.154212951660156,110.00550842285156
2020-06-29,37.827884674072266,111.83995056152344
2020-06-30,38.10076904296875,112.84674072265625
2020-07-01,38.22014236450195,112.93205261230469
2020-07-02,38.27130889892578,113.35013580322266
2020-07-06,38.56978225708008,113.73408508300781
2020-07-07,38.55271911621094,113.96446228027344
2020-07-08,38.43333435058594,114.51904296875
2020-07-09,37.444149017333984,113.23068237304688
2020-07-10,38.50156021118164,114.72380828857422
2020-07-13,38.586830139160156,115.10777282714844
2020-07-14,39.11553192138672,115.62823486328125
2020-07-15,39.5674934387207,114.06681060791016
2020-07-16,39.354305267333984,114.22891998291016
2020-07-17,39.925636291503906,114.89445495605469
2020-07-20,39.32872009277344,113.57195281982422
2020-07-21,40.24968719482422,114.6982192993164
2020-07-22,41.34120178222656,116.04629516601562
2020-07-23,41.170658111572266,116.9592514038086
2020-07-24,41.34973907470703,116.08893585205078
2020-07-27,41.34120178222656,117.46266174316406
2020-07-28,41.08538055419922,117.21520233154297
2020-07-29,40.94894027709961,117.68449401855469
2020-07-30,40.66754150390625,117.47972106933594
2020-07-31,40.2838020324707,117.45411682128906
2020-08-03,39.48221969604492,116.635009765625
2020-08-04,39.814788818359375,117.29198455810547
2020-08-05,40.26674270629883,116.25105285644531
2020-08-06,40.488468170166016,115.91835021972656
2020-08-07,40.76133728027344,116.66915893554688
2020-08-10,40.69312286376953,116.02069854736328
2020-08-11,40.872188568115234,115.28692626953125
2020-08-12,41.2985725402832,117.57355499267578
2020-08-13,41.25593948364258,117.82955169677734
2020-08-14,41.315635681152344,117.3687744140625
2020-08-17,41.1109619140625,117.67594909667969
2020-08-18,41.2900390625,117.83805847167969
2020-08-19,40.394657135009766,116.42172241210938
2020-08-20,40.37759780883789,116.65210723876953
2020-08-21,40.31790542602539,116.4302749633789
2020-08-24,40.906307220458984,117.43702697753906
2020-08-25,40.85513687133789,117.14697265625
2020-08-26,41.068328857421875,118.14521789550781
2020-08-27,41.12801742553711,118.08549499511719
2020-08-28,42.492408752441406,119.39945220947266
2020-08-31,42.23659133911133,119.50184631347656
2020-09-01,41.88697052001953,118.75955963134766
2020-09-02,43.65214538574219,122.25773620605469
2020-09-03,43.04670333862305,119.76817321777344
2020-09-04,43.52424240112305,119.24396514892578
2020-09-08,42.47535705566406,116.48546600341797
2020-09-09,42.79941177368164,117.82605743408203
2020-09-10,42.63737869262695,115.80655670166016
2020-09-11,43.541290283203125,116.70887756347656
2020-09-14,43.592872619628906,117.44792175292969
2020-09-15,43.88513946533203,116.54561614990234
2020-09-16,43.661643981933594,115.99563598632812
2020-09-17,43.45532989501953,114.4659423828125
2020-09-18,43.369361877441406,112.97929382324219
2020-09-21,42.20024490356445,112.78164672851562
2020-09-22,42.69023513793945,113.56364440917969
2020-09-23,41.44374465942383,112.57539367675781
2020-09-24,41.8649787902832,113.07382202148438
2020-09-25,41.88217544555664,114.7667465209961
2020-09-28,42.36357116699219,118.56510925292969
2020-09-29,42.05409622192383,117.86900329589844
2020-09-30,42.440948486328125,119.10650634765625
2020-10-01,42.277610778808594,120.9970932006836
2020-10-02,42.432350158691406,118.64241027832031
2020-10-05,42.44953918457031,118.53072357177734
2020-10-06,42.071292877197266,116.61434173583984
2020-10-07,42.60428237915039,117.74008178710938
2020-10-08,43.37795639038086,118.46196746826172
2020-10-09,43.6788444519043,118.968994140625
2020-10-12,43.9195442199707,122.1400146484375
2020-10-13,43.17164993286133,123.3516845703125
2020-10-14,43.08567428588867,122.47517395019531
2020-10-15,42.97392654418945,121.5384521484375
2020-10-16,43.00830841064453,121.79624938964844
2020-10-19,42.655860900878906,120.03458404541016
2020-10-20,43.19742965698242,120.06036376953125
2020-10-21,42.97392654418945,119.96582794189453
2020-10-22,43.56708526611328,119.97444915771484
2020-10-23,43.42954635620117,119.93146514892578
2020-10-26,42.81059265136719,118.64241027832031
2020-10-27,42.89656066894531,119.55333709716797
2020-10-28,41.22882843017578,115.29954528808594
2020-10-29,41.28041458129883,115.14486694335938
2020-10-30,41.31480407714844,114.54330444335938
2020-11-02,41.796207427978516,116.14169311523438
2020-11-03,42.42375183105469,117.7658920288086
2020-11-04,42.26901626586914,118.47058868408203
2020-11-05,42.501121520996094,118.63384246826172
2020-11-06,42.509708404541016,118.91744232177734
2020-11-09,45.19182205200195,118.97756958007812
2020-11-10,46.403926849365234,121.78766632080078
2020-11-11,46.06007385253906,123.66104888916016
2020-11-12,45.570068359375,123.6094970703125
2020-11-13,45.94832229614258,124.35712432861328
2020-11-16,46.292171478271484,125.25946044921875
2020-11-17,46.14603042602539,124.81259155273438
2020-11-18,45.226200103759766,123.2142105102539
2020-11-19,45.6732292175293,123.16265106201172
2020-11-20,45.277793884277344,123.24858856201172
2020-11-23,45.2863883972168,122.90486145019531
2020-11-24,45.75060272216797,123.77278900146484
2020-11-25,45.501304626464844,123.8844985961914
2020-11-27,45.3035774230957,124.26261901855469
2020-11-30,44.70576858520508,123.94468688964844
2020-12-01,45.08698272705078,125.52584075927734
2020-12-02,45.14762496948242,124.2797622680664
2020-12-03,45.728111267089844,125.01802062988281
2020-12-04,46.6551399230957,126.22972869873047
2020-12-07,45.91004943847656,125.81427001953125
2020-12-08,46.074676513671875,125.94414520263672
2020-12-09,46.204620361328125,126.09122467041016
2020-12-10,45.9620246887207,125.2084732055664
2020-12-11,46.22195816040039,125.46810913085938
2020-12-14,46.15264129638672,124.82764434814453
2020-12-15,46.64649200439453,125.2950210571289
2020-12-16,45.970703125,125.39885711669922
2020-12-17,46.15264129638672,126.10857391357422
2020-12-18,46.559844970703125,127.16442108154297
2020-12-21,45.754112243652344,125.84024047851562
2020-12-22,45.710777282714844,124.6458969116211
2020-12-23,45.98802947998047,124.9834213256836
2020-12-24,46.299930572509766,125.54597473144531
2020-12-28,46.92373275756836,127.14710998535156
2020-12-29,46.897743225097656,127.58850860595703
2020-12-30,47.166316986083984,127.49333190917969
2020-12-31,47.512882232666016,128.35011291503906
2021-01-04,45.710777282714844,124.86226654052734
2021-01-05,45.20827865600586,125.23439025878906
2021-01-06,43.77007293701172,123.70250701904297
2021-01-07,43.284889221191406,123.30441284179688
2021-01-08,44.255245208740234,124.78434753417969
2021-01-11,43.492820739746094,122.97554016113281
2021-01-12,43.41484832763672,122.404296875
2021-01-13,43.458168029785156,123.40824890136719
2021-01-14,42.652427673339844,122.68992614746094
2021-01-15,42.1932373046875,122.36970520019531
2021-01-19,42.02862548828125,122.94953918457031
2021-01-20,42.17591094970703,122.31777954101562
2021-01-21,42.40983581542969,120.82913208007812
2021-01-22,42.01129150390625,119.94632720947266
2021-01-25,42.26254653930664,121.32243347167969
2021-01-26,42.70439910888672,122.72454071044922
2021-01-27,42.04594802856445,119.47037506103516
2021-01-28,42.58311080932617,120.46566772460938
2021-01-29,41.71672439575195,118.19810485839844
2021-02-01,42.00263214111328,118.5529556274414
2021-02-02,42.41849136352539,119.76461029052734
2021-02-03,42.25388717651367,119.45304107666016
2021-02-04,42.46181106567383,120.88970184326172
2021-02-05,43.01631164550781,121.9975357055664
2021-02-08,43.25023651123047,121.51287078857422
2021-02-09,43.05961990356445,120.82049560546875
2021-02-10,42.972984313964844,119.17607879638672
2021-02-11,43.579463958740234,116.8133316040039
2021-02-12,43.91735076904297,115.861328125
2021-02-16,43.553466796875,116.3027114868164
2021-02-17,43.43217086791992,116.37194061279297
2021-02-18,43.98666763305664,117.15953826904297
2021-02-19,43.41484832763672,114.68424987792969
2021-02-22,43.86537170410156,114.23421478271484
2021-02-23,43.78739547729492,114.9179458618164
2021-02-24,43.93467330932617,114.32074737548828
2021-02-25,43.466835021972656,112.51193237304688
2021-02-26,42.44448471069336,111.8108901977539
2021-03-01,43.23291015625,113.04850006103516
2021-03-02,43.40617370605469,113.4379653930664
2021-03-03,43.30221176147461,111.76760864257812
2021-03-04,43.26756286621094,112.38964080810547
2021-03-05,44.003990173339844,116.05362701416016
2021-03-08,44.740421295166016,115.26849365234375
2021-03-09,44.064640045166016,115.3731918334961
2021-03-10,44.567142486572266,116.5334701538086
2021-03-11,44.08196258544922,116.21940612792969
2021-03-12,43.99461364746094,116.0623779296875
2021-03-15,44.57992172241211,116.05362701416016
2021-03-16,44.74591064453125,116.90856170654297
2021-03-17,44.763370513916016,116.568359375
2021-03-18,44.178070068359375,115.61744689941406
2021-03-19,44.387733459472656,117.3360824584961
2021-03-22,44.553714752197266,120.21492767333984
2021-03-23,44.89442443847656,121.66307830810547
2021-03-24,45.007991790771484,121.09602355957031
2021-03-25,45.444786071777344,121.8114013671875
2021-03-26,46.33586502075195,124.48963928222656
2021-03-29,47.0434684753418,126.33035278320312
2021-03-30,46.431949615478516,124.35005950927734
2021-03-31,46.04757308959961,123.39912414550781
2021-04-01,45.87284469604492,123.25081634521484
2021-04-05,46.13494110107422,124.8908920288086
2021-04-06,46.466896057128906,125.33584594726562
2021-04-07,46.54551315307617,125.1090316772461
2021-04-08,46.40575408935547,124.35005950927734
2021-04-09,46.45817184448242,124.37619018554688
2021-04-12,46.60668182373047,124.76880645751953
2021-04-13,46.379539489746094,124.79498291015625
2021-04-14,46.37080764770508,123.97490692138672
2021-04-15,46.589202880859375,124.14939880371094
2021-04-16,46.894962310791016,125.76331329345703
2021-04-19,47.17452621459961,126.27803039550781
2021-04-20,47.323036193847656,127.11553192138672
2021-04-21,47.70741271972656,128.22341918945312
2021-04-22,47.55889892578125,127.42958068847656
2021-04-23,47.58510971069336,127.22021484375
2021-04-26,46.87748718261719,125.0654067993164
2021-04-27,46.80760955810547,124.65538024902344
2021-04-28,46.81634521484375,123.73065948486328
2021-04-29,47.40165328979492,125.57138061523438
2021-04-30,47.15704345703125,125.76331329345703
2021-05-03,47.59384536743164,127.18529510498047
2021-05-04,47.29682540893555,125.58885192871094
2021-05-05,47.17452621459961,125.52779388427734
2021-05-06,47.64625930786133,126.98466491699219
2021-05-07,47.620052337646484,126.98466491699219
2021-05-10,47.96949005126953,127.99664306640625
2021-05-11,47.45407485961914,127.0631332397461
2021-05-12,47.20946502685547,125.82435607910156
2021-05-13,47.620052337646484,127.6912841796875
2021-05-14,47.8122444152832,127.88319396972656
2021-05-17,47.733619689941406,127.51680755615234
2021-05-18,47.47154235839844,126.94103240966797
2021-05-19,47.323036193847656,126.87125396728516
2021-05-20,47.74235534667969,128.44154357910156
2021-05-21,47.716156005859375,128.32814025878906
2021-05-24,47.8734016418457,128.9823760986328
2021-05-25,47.86465835571289,129.375
2021-05-26,48.07433319091797,129.375
2021-05-27,48.47618865966797,127.81340026855469
2021-05-28,48.30146789550781,129.0609588623047
2021-06-01,48.2927131652832,128.79051208496094
2021-06-02,48.48491668701172,129.30517578125
2021-06-03,48.60722732543945,129.76654052734375
2021-06-04,49.13138961791992,129.91592407226562
2021-06-07,48.956668853759766,129.83688354492188
2021-06-08,48.61595916748047,128.6241455078125
2021-06-09,48.46744918823242,128.3869171142578
2021-06-10,48.84309768676758,129.7050323486328
2021-06-11,49.06150436401367,129.7841339111328
2021-06-14,48.89426040649414,130.55743408203125
2021-06-15,48.77103805541992,130.56625366210938
2021-06-16,48.11970901489258,129.2656707763672
2021-06-17,48.36615753173828,130.5135040283203
2021-06-18,47.327537536621094,127.78933715820312
2021-06-21,47.84684753417969,128.79110717773438
2021-06-22,48.02287292480469,128.9844512939453
2021-06-23,47.63560104370117,127.28845977783203
2021-06-24,47.87324905395508,128.00904846191406
2021-06-25,47.81163787841797,128.65933227539062
2021-06-28,47.75882339477539,129.2129364013672
2021-06-29,47.4067497253418,129.1250457763672
2021-06-30,47.62680435180664,130.20591735839844
2021-07-01,47.49477005004883,130.23231506347656
2021-07-02,47.68840789794922,130.856201171875
2021-07-06,47.42436599731445,131.049560546875
2021-07-07,47.81163787841797,131.62953186035156
2021-07-08,47.644405364990234,131.69100952148438
2021-07-09,47.93486022949219,131.35711669921875
2021-07-12,47.95246887207031,131.38345336914062
2021-07-13,48.42776870727539,134.4151611328125
2021-07-14,49.519195556640625,135.8036346435547
2021-07-15,49.6776237487793,136.42755126953125
2021-07-16,49.642417907714844,136.92843627929688
2021-07-19,49.05270767211914,136.910888671875
2021-07-20,49.14072036743164,136.92843627929688
2021-07-21,49.774452209472656,136.4187774658203
2021-07-22,49.704036712646484,136.37486267089844
2021-07-23,50.17933654785156,138.12355041503906
2021-07-26,50.22334671020508,138.02691650390625
2021-07-27,50.399375915527344,138.79139709472656
2021-07-28,49.94168472290039,137.5172119140625
2021-07-29,50.214534759521484,137.79840087890625
2021-07-30,50.19694137573242,137.92144775390625
2021-08-02,50.064910888671875,137.3678436279297
2021-08-03,50.10011291503906,137.6754150390625
2021-08-04,49.378360748291016,135.37306213378906
2021-08-05,49.73043441772461,135.6014862060547
2021-08-06,49.85366439819336,135.6190948486328
2021-08-09,49.86246871948242,135.63668823242188
2021-08-10,49.9944953918457,135.70697021484375
2021-08-11,49.93288040161133,136.24301147460938
2021-08-12,50.02970886230469,136.26939392089844
2021-08-13,50.372982025146484,137.5435791015625
2021-08-16,50.59302520751953,138.88809204101562
2021-08-17,50.4169807434082,138.7562713623047
2021-08-18,49.73043441772461,137.33267211914062
2021-08-19,50.04730224609375,139.64382934570312
2021-08-20,49.85366439819336,139.15170288085938
2021-08-23,49.6776237487793,138.7123260498047
2021-08-24,49.299156188964844,136.98992919921875
2021-08-25,49.351959228515625,136.38363647460938
2021-08-26,48.88546371459961,135.88275146484375
2021-08-27,48.98228073120117,136.15513610839844
2021-08-30,49.448787689208984,137.0866241455078
2021-08-31,49.56320571899414,137.42933654785156
2021-09-01,49.897674560546875,138.7650604248047
2021-09-02,49.968082427978516,138.8668212890625
2021-09-03,49.93288040161133,138.9906768798828
2021-09-07,48.99988555908203,136.7256317138672
2021-09-08,49.660030364990234,138.66329956054688
2021-09-09,49.16712188720703,137.78738403320312
2021-09-10,48.94707489013672,137.54847717285156
2021-09-13,49.351959228515625,137.8138885498047
2021-09-14,49.38743591308594,137.27420043945312
2021-09-15,49.555931091308594,138.04396057128906
2021-09-16,49.08591079711914,137.63699340820312
2021-09-17,48.278900146484375,136.37168884277344
2021-09-20,47.94191360473633,135.9116668701172
2021-09-21,47.93303680419922,135.84967041015625
2021-09-22,48.00398635864258,136.26553344726562
2021-09-23,47.924171447753906,136.37168884277344
2021-09-24,47.79115295410156,136.43368530273438
2021-09-27,47.5428352355957,135.12413024902344
2021-09-28,46.68260955810547,133.64657592773438
2021-09-29,46.96639633178711,134.7525634765625
2021-09-30,46.53185272216797,133.08033752441406
2021-10-01,47.01960372924805,133.55809020996094
2021-10-04,46.993003845214844,132.89451599121094
2021-10-05,47.07282257080078,133.68197631835938
2021-10-06,47.63151550292969,137.10609436035156
2021-10-07,47.78227996826172,138.3712921142578
2021-10-08,47.995121002197266,138.05279541015625
2021-10-11,48.0926628112793,138.23863220214844
2021-10-12,48.0926628112793,138.84913635253906
2021-10-13,48.10153579711914,139.7869873046875
2021-10-14,48.42966079711914,140.91067504882812
2021-10-15,48.31437301635742,140.51251220703125
2021-10-18,47.835487365722656,139.87545776367188
2021-10-19,48.021724700927734,141.6539306640625
2021-10-20,48.4473991394043,142.7244873046875
2021-10-21,48.1990852355957,140.83985900878906
2021-10-22,48.28777313232422,141.5388641357422
2021-10-25,48.0926628112793,140.87525939941406
2021-10-26,48.30550003051758,142.60060119628906
2021-10-27,49.236671447753906,142.10513305664062
2021-10-28,49.69781494140625,142.9987335205078
2021-10-29,49.990478515625,142.98104858398438
2021-11-01,49.8131103515625,142.68023681640625
2021-11-02,49.75102996826172,143.9897003173828
2021-11-03,49.919517517089844,145.36997985839844
2021-11-04,50.1944465637207,145.37881469726562
2021-11-05,50.407283782958984,146.87411499023438
2021-11-08,49.95500946044922,143.7154083251953
2021-11-09,50.09689712524414,144.6709747314453
2021-11-10,50.300865173339844,145.1399688720703
2021-11-11,50.31859588623047,143.9454803466797
2021-11-12,50.203311920166016,143.91006469726562
2021-11-15,50.212181091308594,144.92759704589844
2021-11-16,49.85745620727539,144.4940643310547
2021-11-17,49.5825309753418,144.547119140625
2021-11-18,49.139122009277344,144.59133911132812
2021-11-19,48.890811920166016,144.93641662597656
2021-11-22,49.19233703613281,145.23727416992188
2021-11-23,49.555931091308594,146.2105255126953
2021-11-24,49.1568489074707,144.87445068359375
2021-11-26,47.64925003051758,142.57403564453125
2021-11-29,48.40304946899414,145.2284393310547
2021-11-30,46.874820709228516,141.37074279785156
2021-12-01,46.74076461791992,141.70697021484375
2021-12-02,47.428924560546875,143.07431030273438
2021-12-03,47.84897232055664,146.71749877929688
2021-12-06,49.073333740234375,148.24070739746094
2021-12-07,49.34144592285156,148.0714874267578
2021-12-08,49.153770446777344,148.32980346679688
2021-12-09,49.028648376464844,148.14271545410156
2021-12-10,50.29771423339844,150.51214599609375
2021-12-13,51.620391845703125,151.2603759765625
2021-12-14,51.6561393737793,150.88624572753906
2021-12-15,51.88850402832031,152.828125
2021-12-16,52.41579818725586,153.0508270263672
2021-12-17,51.59358596801758,149.9153594970703
2021-12-20,51.423770904541016,150.91299438476562
2021-12-21,51.629329681396484,150.46759033203125
2021-12-22,51.995750427246094,151.40292358398438
2021-12-23,52.031490325927734,151.2336883544922
2021-12-27,52.41579818725586,152.73902893066406
2021-12-28,52.621341705322266,153.53184509277344
2021-12-29,52.683902740478516,154.07522583007812
2021-12-30,52.5319709777832,153.80796813964844
2021-12-31,52.91626739501953,154.73439025878906
2022-01-03,52.996707916259766,154.0841064453125
2022-01-04,53.881465911865234,154.3068084716797
2022-01-05,54.32831954956055,154.83236694335938
2022-01-06,54.04233932495117,154.8679656982422
2022-01-07,53.91721725463867,155.06396484375
2022-01-10,54.006587982177734,155.1441192626953
2022-01-11,54.02446365356445,155.07284545898438
2022-01-12,54.104888916015625,154.90357971191406
2022-01-13,54.426631927490234,155.15301513671875
2022-01-14,54.864540100097656,156.45352172851562
2022-01-18,54.426631927490234,154.9570770263672
2022-01-19,54.51599884033203,156.07052612304688
2022-01-20,54.29257583618164,154.9392547607422
2022-01-21,54.02446365356445,155.18865966796875
2022-01-24,53.58654022216797,154.39585876464844
2022-01-25,53.46142578125,152.6232452392578
2022-01-26,53.26481246948242,151.010986328125
2022-01-27,53.30949783325195,150.8684539794922
2022-01-28,54.37300491333008,153.80796813964844
2022-01-31,54.52493667602539,154.56512451171875
2022-02-01,54.122772216796875,153.5139923095703
2022-02-02,54.67686462402344,156.30210876464844
2022-02-03,55.061161041259766,156.21304321289062
2022-02-04,54.48025131225586,153.64764404296875
2022-02-07,55.052215576171875,153.04190063476562
2022-02-08,55.409698486328125,153.22900390625
2022-02-09,54.55174255371094,153.15771484375
2022-02-10,54.85559844970703,149.97767639160156
2022-02-11,53.881465911865234,150.16476440429688
2022-02-14,54.230003356933594,148.49012756347656
2022-02-15,54.43556213378906,147.83094787597656
2022-02-16,54.426631927490234,148.13380432128906
2022-02-17,55.51694107055664,148.53468322753906
2022-02-18,55.89229965209961,149.3898162841797
2022-02-22,55.65994644165039,149.95986938476562
2022-02-23,55.04328536987305,148.48118591308594
2022-02-24,54.07808303833008,145.8980255126953
2022-02-25,56.16934585571289,149.98660278320312
2022-02-28,55.62419509887695,145.8534393310547
2022-03-01,55.38289260864258,144.54405212402344
2022-03-02,55.79399490356445,146.5482635498047
2022-03-03,55.829742431640625,146.39138793945312
2022-03-04,55.91911315917969,148.61495971679688
2022-03-07,54.58749771118164,145.65611267089844
2022-03-08,52.42472839355469,141.54959106445312
2022-03-09,52.692832946777344,141.1282196044922
2022-03-10,51.727638244628906,138.5369415283203
2022-03-11,51.76338195800781,137.83758544921875
2022-03-14,52.71796417236328,139.77426147460938
2022-03-15,53.6905517578125,142.5627899169922
2022-03-16,53.546470642089844,143.19039916992188
2022-03-17,54.11381530761719,144.30223083496094
2022-03-18,54.1228141784668,145.9609832763672
2022-03-21,54.555076599121094,145.75474548339844
2022-03-22,54.75320053100586,147.35072326660156
2022-03-23,54.392982482910156,146.57962036132812
2022-03-24,54.91529846191406,147.46730041503906
2022-03-25,55.41059494018555,148.15768432617188
2022-03-28,55.76181411743164,148.5970458984375
2022-03-29,55.977943420410156,150.80274963378906
2022-03-30,56.02296447753906,150.59649658203125
2022-03-31,55.8338508605957,150.07647705078125
2022-04-01,56.61732864379883,152.21041870117188
2022-04-04,56.32014465332031,151.81590270996094
2022-04-05,56.257110595703125,151.977294921875
2022-04-06,56.82444763183594,154.5685272216797
2022-04-07,57.13063430786133,154.71200561523438
2022-04-08,57.48185729980469,155.23204040527344
2022-04-11,57.46384048461914,154.7568359375
2022-04-12,58.13924789428711,155.3844757080078
2022-04-13,58.2923469543457,155.11546325683594
2022-04-14,58.553504943847656,154.1291961669922
2022-04-18,58.03118896484375,152.80221557617188
2022-04-19,58.598533630371094,155.0258026123047
2022-04-20,59.400020599365234,157.3301239013672
2022-04-21,59.625152587890625,156.76524353027344
2022-04-22,58.7606201171875,154.35333251953125
2022-04-25,59.38200378417969,155.7789764404297
2022-04-26,58.58052062988281,155.3844757080078
2022-04-27,59.039791107177734,156.77423095703125
2022-04-28,59.60715103149414,159.15028381347656
2022-04-29,58.18428039550781,153.9588165283203
2022-05-02,57.13063430786133,150.4171905517578
2022-05-03,56.80644607543945,150.6234130859375
2022-05-04,58.562503814697266,155.88656616210938
2022-05-05,58.0942268371582,152.7753143310547
2022-05-06,58.30134963989258,152.79324340820312
2022-05-09,58.18428039550781,153.9498748779297
2022-05-10,57.64395523071289,153.7615966796875
2022-05-11,57.91411209106445,153.0174102783203
2022-05-12,58.0942268371582,152.78424072265625
2022-05-13,59.18388748168945,155.76104736328125
2022-05-16,59.400020599365234,157.3301239013672
2022-05-17,59.237918853759766,156.424560546875
2022-05-18,55.1134147644043,146.73208618164062
2022-05-19,54.03276824951172,144.53533935546875
2022-05-20,54.91529846191406,145.4409637451172
2022-05-23,56.60832214355469,148.48048400878906
2022-05-24,57.652950286865234,150.47097778320312
2022-05-25,57.6979866027832,151.5020751953125
2022-05-26,57.905113220214844,152.52426147460938
2022-05-27,58.247310638427734,154.0126190185547
2022-05-31,57.07661056518555,150.40821838378906
2022-06-01,56.79744338989258,149.27847290039062
2022-06-02,57.391807556152344,150.48831176757812
2022-06-03,56.7073860168457,148.8360595703125
2022-06-06,56.61732864379883,149.45901489257812
2022-06-07,56.959537506103516,150.3800048828125
2022-06-08,56.635337829589844,149.63059997558594
2022-06-09,55.653743743896484,146.9671630859375
2022-06-10,55.30253219604492,146.73240661621094
2022-06-13,55.239498138427734,144.2224884033203
2022-06-14,53.72471618652344,140.95413208007812
2022-06-15,54.12382125854492,142.46189880371094
2022-06-16,53.57958221435547,141.77572631835938
2022-06-17,53.90612030029297,141.80284118652344
2022-06-21,55.05809020996094,145.0982666015625
2022-06-22,55.466251373291016,146.29002380371094
2022-06-23,56.12840270996094,148.15895080566406
2022-06-24,57.18058776855469,149.99172973632812
2022-06-27,57.06266784667969,150.19036865234375
2022-06-28,56.491233825683594,148.07766723632812
2022-06-29,56.89939880371094,150.53343200683594
2022-06-30,57.06266784667969,150.4702606201172
2022-07-01,58.39603042602539,152.93507385253906
2022-07-05,57.39828109741211,152.5919647216797
2022-07-06,57.51619338989258,154.1177978515625
2022-07-07,57.06266784667969,153.8108367919922
2022-07-08,57.27128982543945,155.1831512451172
2022-07-11,57.089874267578125,153.91014099121094
2022-07-12,56.84497833251953,153.0343780517578
2022-07-13,56.581932067871094,153.57608032226562
2022-07-14,56.40052032470703,154.37059020996094
2022-07-15,56.690773010253906,154.4969940185547
2022-07-18,55.91978073120117,151.9148406982422
2022-07-19,56.717994689941406,153.53994750976562
2022-07-20,55.78372573852539,151.9148406982422
2022-07-21,55.65674591064453,152.14053344726562
2022-07-22,55.865360260009766,153.13369750976562
2022-07-25,56.40958786010742,153.35035705566406
2022-07-26,57.33477783203125,155.13803100585938
2022-07-27,57.15336608886719,154.9213409423828
2022-07-28,58.105777740478516,157.8556365966797
2022-07-29,58.20554733276367,157.96397399902344
2022-08-01,58.52302169799805,159.76065063476562
2022-08-02,57.72481155395508,158.44248962402344
2022-08-03,57.978790283203125,159.65232849121094
2022-08-04,57.75202941894531,158.78555297851562
2022-08-05,57.488983154296875,157.59381103515625
2022-08-08,57.117095947265625,156.96180725097656
2022-08-09,57.18965148925781,157.54864501953125
2022-08-10,57.73388671875,158.8487548828125
2022-08-11,57.34385681152344,158.03619384765625
2022-08-12,57.77924728393555,160.10372924804688
2022-08-15,58.504878997802734,161.8643035888672
2022-08-16,58.98561096191406,162.8032989501953
2022-08-17,58.84955596923828,162.71299743652344
2022-08-18,59.15796661376953,162.87550354003906
2022-08-19,59.112613677978516,162.6678466796875
2022-08-22,58.23276138305664,161.11492919921875
2022-08-23,58.2962532043457,161.04270935058594
2022-08-24,58.377891540527344,161.8462677001953
2022-08-25,58.659080505371094,161.85528564453125
2022-08-26,57.24407958984375,158.03619384765625
2022-08-29,56.89939880371094,157.5396270751953
2022-08-30,56.37331008911133,156.1853485107422
2022-08-31,55.97420883178711,155.53529357910156
2022-09-01,56.237247467041016,157.10775756835938
2022-09-02,55.466251373291016,155.11715698242188
2022-09-06,55.493465423583984,154.0718994140625
2022-09-07,56.518436431884766,157.47129821777344
2022-09-08,56.34609603881836,156.944091796875
2022-09-09,56.52750778198242,157.44403076171875
2022-09-12,56.690773010253906,158.0620880126953
2022-09-13,54.84946823120117,152.16317749023438
2022-09-14,55.13971710205078,153.31748962402344
2022-09-15,54.3905143737793,150.7725067138672
2022-09-16,54.39965057373047,151.7632293701172
2022-09-19,54.810794830322266,153.36293029785156
2022-09-20,54.72856903076172,153.53562927246094
2022-09-21,54.2717399597168,153.099365234375
2022-09-22,54.14382553100586,153.2447967529297
2022-09-23,53.54080581665039,153.1720733642578
2022-09-26,52.873817443847656,153.10845947265625
2022-09-27,51.51246643066406,150.89064025878906
2022-09-28,52.06066131591797,153.3084259033203
2022-09-29,51.686058044433594,151.43601989746094
2022-09-30,51.18354034423828,148.3911590576172
2022-10-03,51.759159088134766,150.19985961914062
2022-10-04,51.877933502197266,151.8904571533203
2022-10-05,51.384552001953125,150.88157653808594
2022-10-06,50.27901840209961,147.97300720214844
2022-10-07,49.80391311645508,146.89138793945312
2022-10-10,49.69427490234375,147.08229064941406
2022-10-11,49.7765007019043,147.7821502685547
2022-10-12,50.37952423095703,153.9628448486328
2022-10-13,51.04649353027344,158.70742797851562
2022-10-14,50.23333740234375,154.68997192382812
2022-10-17,50.88203811645508,156.99862670898438
2022-10-18,51.567283630371094,159.11642456054688
2022-10-19,51.12873077392578,157.57122802734375
2022-10-20,50.324703216552734,155.84429931640625
2022-10-21,51.12873077392578,157.29856872558594
2022-10-24,52.599727630615234,161.497802734375
2022-10-25,53.860591888427734,162.03408813476562
2022-10-26,54.26259994506836,162.76123046875
2022-10-27,54.3905143737793,162.58853149414062
2022-10-28,55.51432418823242,165.63343811035156
2022-10-31,54.68288040161133,165.04261779785156
2022-11-01,54.49102020263672,164.29730224609375
2022-11-02,53.73267364501953,162.00685119628906
2022-11-03,53.705257415771484,161.5886993408203
2022-11-04,54.14382553100586,162.49765014648438
2022-11-07,54.353965759277344,163.7974090576172
2022-11-08,54.4544677734375,164.25189208984375
2022-11-09,53.696128845214844,162.28860473632812
2022-11-10,55.623958587646484,165.15170288085938
2022-11-11,56.02597427368164,161.83413696289062
2022-11-14,55.486907958984375,160.6343231201172
2022-11-15,55.39554214477539,161.05247497558594
2022-11-16,55.295040130615234,162.088623046875
2022-11-17,55.4686393737793,163.63380432128906
2022-11-18,55.86151123046875,164.8153839111328
2022-11-21,56.72036361694336,167.98753356933594
2022-11-22,56.967044830322266,168.0057373046875
2022-11-23,57.22288131713867,168.223876953125
2022-11-25,57.27769470214844,167.3422088623047
2022-11-28,57.28683090209961,167.1422576904297
2022-11-29,57.0858268737793,165.96063232421875
2022-11-30,58.53044891357422,168.61471557617188
2022-12-01,58.696083068847656,170.02317810058594
2022-12-02,59.211360931396484,169.8311309814453
2022-12-05,58.40163040161133,167.48060607910156
2022-12-06,58.3740234375,166.11788940429688
2022-12-07,58.466041564941406,166.62091064453125
2022-12-08,58.714481353759766,168.08424377441406
2022-12-09,58.097984313964844,167.46234130859375
2022-12-12,58.86170196533203,168.2580108642578
2022-12-13,58.880104064941406,168.1665496826172
2022-12-14,58.880104064941406,167.70010375976562
2022-12-15,58.070377349853516,164.855712890625
2022-12-16,57.73912811279297,164.93801879882812
2022-12-19,57.82194137573242,165.85263061523438
2022-12-20,57.775936126708984,165.7520294189453
2022-12-21,58.70527267456055,166.91355895996094
2022-12-22,58.28201675415039,165.62396240234375
2022-12-23,58.72367858886719,166.6940460205078
2022-12-27,59.0825309753418,167.43487548828125
2022-12-28,58.49364471435547,166.2275848388672
2022-12-29,58.843299865722656,166.43797302246094
2022-12-30,58.53044891357422,165.23072814941406
2023-01-03,57.92315673828125,164.0874786376953
2023-01-04,57.89555358886719,163.68502807617188
2023-01-05,57.2330436706543,161.9747314453125
2023-01-06,58.33721923828125,165.63311767578125
2023-01-09,57.61029815673828,164.0142822265625
2023-01-10,57.16863250732422,162.6607208251953
2023-01-11,57.0582160949707,162.84364318847656
2023-01-12,56.32209777832031,160.76747131347656
2023-01-13,56.5245361328125,160.27359008789062
2023-01-17,56.75456619262695,161.0235595703125
2023-01-18,55.033897399902344,156.9627685546875
2023-01-19,54.951087951660156,155.14273071289062
2023-01-20,55.282344818115234,155.3713836669922
2023-01-23,55.42036056518555,154.67628479003906
2023-01-24,55.71480941772461,156.11221313476562
2023-01-25,56.06446075439453,157.2462615966797
2023-01-26,55.95404815673828,155.68235778808594
2023-01-27,55.65959930419922,155.1335906982422
2023-01-30,55.79761505126953,155.0055389404297
2023-01-31,56.423316955566406,156.41403198242188
2023-02-01,56.43252182006836,156.9078826904297
2023-02-02,55.466365814208984,155.45367431640625
2023-02-03,55.052303314208984,154.67628479003906
2023-02-06,55.365150451660156,157.1457061767578
2023-02-07,55.27313232421875,156.9078826904297
2023-02-08,54.951087951660156,156.5420379638672
2023-02-09,54.85906982421875,158.02366638183594
2023-02-10,54.85906982421875,161.15162658691406
2023-02-13,55.76081466674805,162.58755493164062
2023-02-14,54.83147048950195,160.75833129882812
2023-02-15,54.83147048950195,160.97784423828125
2023-02-16,54.49101257324219,160.52053833007812
2023-02-17,55.319149017333984,161.22476196289062
2023-02-21,55.02470016479492,161.13330078125
2023-02-22,55.19032287597656,161.07843017578125
2023-02-23,55.291534423828125,161.25222778320312
2023-02-24,55.06150817871094,160.93211364746094
2023-02-27,55.0431022644043,160.8863983154297
2023-02-28,54.75785446166992,158.70965576171875
2023-03-01,54.159759521484375,156.69752502441406
2023-03-02,54.951087951660156,159.58877563476562
2023-03-03,54.69344711303711,159.43222045898438
2023-03-06,55.539981842041016,159.75450134277344
2023-03-07,55.21792984008789,158.96263122558594
2023-03-08,55.24552917480469,159.3954315185547
2023-03-09,54.711849212646484,158.18917846679688
2023-03-10,54.4818115234375,158.40098571777344
2023-03-13,55.033897399902344,159.94786071777344
2023-03-14,55.236331939697266,159.7821502685547
2023-03-15,55.60438919067383,162.6365203857422
2023-03-16,55.910362243652344,162.52606201171875
2023-03-17,55.650753021240234,161.25537109375
2023-03-20,56.18852615356445,163.5204620361328
2023-03-21,55.92890548706055,163.90719604492188
2023-03-22,55.678565979003906,162.52606201171875
2023-03-23,55.55802917480469,161.73416137695312
2023-03-24,56.46669006347656,164.9016571044922
2023-03-27,56.8839225769043,165.26998901367188
2023-03-28,56.94882583618164,165.2146759033203
2023-03-29,57.3568115234375,166.3564453125
2023-03-30,57.34752655029297,166.50379943847656
2023-03-31,57.514427185058594,167.8573455810547
2023-04-03,57.85749053955078,168.04148864746094
2023-04-04,57.68132781982422,167.4429931640625
2023-04-05,58.228370666503906,169.09117126464844
2023-04-06,58.26546859741211,169.75413513183594
2023-04-10,58.12638473510742,168.68601989746094
2023-04-11,58.02438735961914,168.42822265625
2023-04-12,58.12638473510742,168.0967254638672
2023-04-13,58.55289077758789,169.7725372314453
2023-04-14,58.460174560546875,168.9714813232422
2023-04-17,58.840328216552734,169.83702087402344
2023-04-18,58.93304443359375,170.18687438964844
2023-04-19,59.0443115234375,170.0856170654297
2023-04-20,59.303932189941406,170.6472930908203
2023-04-21,59.38737487792969,170.720947265625
2023-04-24,59.294654846191406,170.80380249023438
2023-04-25,59.201942443847656,174.6802978515625
2023-04-26,58.92377471923828,173.60299682617188
2023-04-27,59.0443115234375,174.661865234375
2023-04-28,59.480098724365234,175.7667999267578
2023-05-01,59.61918258666992,176.4941864013672
2023-05-02,59.35029220581055,177.01905822753906
2023-05-03,59.01649856567383,176.95458984375
2023-05-04,59.08140182495117,178.05953979492188
2023-05-05,59.359554290771484,178.87901306152344
2023-05-08,59.26683807373047,178.03192138671875
2023-05-09,58.77542495727539,178.75933837890625
2023-05-10,58.87742233276367,178.87901306152344
2023-05-11,59.21120834350586,179.86424255371094
2023-05-12,59.44300842285156,180.58245849609375
2023-05-15,59.2853889465332,178.87901306152344
2023-05-16,58.617801666259766,178.10556030273438
2023-05-17,58.55289077758789,176.84408569335938
2023-05-18,58.228370666503906,176.3837127685547
2023-05-19,58.256195068359375,176.64151000976562
2023-05-22,57.032283782958984,171.85348510742188
2023-05-23,56.9302864074707,171.32867431640625
2023-05-24,56.44814682006836,170.2421417236328
2023-05-25,56.01236343383789,169.2384796142578
2023-05-26,55.8732795715332,169.03591918945312
2023-05-30,55.42822265625,167.22201538085938
2023-05-31,55.31695556640625,167.90335083007812
2023-06-01,55.632205963134766,168.9279327392578
2023-06-02,56.707763671875,170.6618194580078
2023-06-05,56.32760238647461,170.78236389160156
2023-06-06,55.91964340209961,168.34378051757812
2023-06-07,55.83618927001953,166.99935913085938
2023-06-08,55.97526931762695,168.84449768066406
2023-06-09,56.0679931640625,169.07627868652344
2023-06-12,55.82691192626953,168.65904235839844
2023-06-13,56.0494499206543,168.32522583007812
2023-06-14,56.429603576660156,169.8365936279297
2023-06-15,57.20504379272461,172.1917266845703
2023-06-16,57.61612319946289,172.49766540527344
2023-06-20,57.23306655883789,171.82083129882812
2023-06-21,57.39189147949219,171.93206787109375
2023-06-22,57.78427505493164,173.71234130859375
2023-06-23,57.17701721191406,172.5255126953125
2023-06-26,57.19569396972656,171.43138122558594
2023-06-27,57.074249267578125,172.66458129882812
2023-06-28,56.54171371459961,170.32801818847656
2023-06-29,56.0745849609375,170.49493408203125
2023-06-30,56.26143264770508,171.73736572265625
2023-07-03,56.5977668762207,172.08970642089844
2023-07-05,57.018184661865234,172.9983673095703
2023-07-06,56.57908630371094,173.0169219970703
2023-07-07,55.8316764831543,169.753173828125
2023-07-10,55.411258697509766,170.88436889648438
2023-07-11,55.607452392578125,170.58763122558594
2023-07-12,55.90641403198242,169.8365936279297
2023-07-13,56.38288879394531,173.87924194335938
2023-07-14,56.89673614501953,174.50973510742188
2023-07-17,56.81264877319336,172.11752319335938
2023-07-18,56.58842468261719,171.0234375
2023-07-19,57.58808517456055,172.70166015625
2023-07-20,58.288787841796875,175.5203857421875
2023-07-21,58.33549880981445,176.3177947998047
2023-07-24,58.35417556762695,177.0224609375
2023-07-25,58.15798568725586,177.43045043945312
2023-07-26,58.90540313720703,177.65296936035156
2023-07-27,58.33549880981445,174.80645751953125
2023-07-28,58.37287139892578,176.45684814453125
2023-07-31,57.8590202331543,173.81431579589844
2023-08-01,57.70954513549805,173.22088623046875
2023-08-02,57.88705062866211,174.60244750976562
2023-08-03,57.58808517456055,173.4990692138672
2023-08-04,56.71922302246094,171.16250610351562
2023-08-07,57.16767120361328,173.2858428955078
2023-08-08,56.91541290283203,171.01414489746094
2023-08-09,57.04621887207031,170.58763122558594
2023-08-10,56.91541290283203,170.37437438964844
2023-08-11,57.148983001708984,170.64328002929688
2023-08-14,56.8780517578125,170.25384521484375
2023-08-15,56.49500274658203,168.14907836914062
2023-08-16,56.50434494018555,168.019287109375
2023-08-17,56.625797271728516,165.460205078125
2023-08-18,56.94345474243164,165.20982360839844
2023-08-21,56.4576301574707,164.16209411621094
2023-08-22,56.11195373535156,162.91036987304688
2023-08-23,56.30814743041992,165.15419006347656
2023-08-24,56.15866470336914,164.28262329101562
2023-08-25,56.420257568359375,166.35955810546875
2023-08-28,56.57908630371094,167.12916564941406
2023-08-29,56.52302932739258,167.75962829589844
2023-08-30,56.49500274658203,167.89874267578125
2023-08-31,55.897071838378906,166.12930297851562
2023-09-01,55.411258697509766,163.70162963867188
2023-09-05,54.953460693359375,162.6184844970703
2023-09-06,54.91609191894531,163.15069580078125
2023-09-07,54.49568176269531,164.71002197265625
2023-09-08,54.49568176269531,164.5886688232422
2023-09-11,55.009517669677734,167.07235717773438
2023-09-12,54.46764373779297,166.4561309814453
2023-09-13,54.598445892333984,167.77267456054688
2023-09-14,55.05044937133789,169.21995544433594
2023-09-15,54.56077575683594,167.92205810546875
2023-09-18,54.89977264404297,167.49256896972656
2023-09-19,54.786773681640625,166.50277709960938
2023-09-20,55.0316162109375,166.558837890625
2023-09-21,54.184104919433594,163.75762939453125
2023-09-22,54.240604400634766,163.6549530029297
2023-09-25,53.67559814453125,162.7772216796875
2023-09-26,53.233009338378906,161.087158203125
2023-09-27,52.68684005737305,158.33265686035156
2023-09-28,52.55500411987305,158.2672882080078
2023-09-29,52.715087890625,158.21128845214844
2023-10-02,52.24425506591797,157.95916748046875
2023-10-03,51.67924499511719,156.5865478515625
2023-10-04,51.82990646362305,157.7163848876953
2023-10-05,49.325050354003906,149.490234375
2023-10-06,50.04072952270508,149.66763305664062
2023-10-09,49.79589080810547,150.66673278808594
2023-10-10,50.87881851196289,153.50526428222656
2023-10-11,50.577476501464844,151.84323120117188
2023-10-12,49.72997283935547,147.6040802001953
2023-10-13,49.80530548095703,149.39688110351562
2023-10-16,50.31380844116211,150.40530395507812
2023-10-17,50.91648483276367,149.74232482910156
2023-10-18,50.89765167236328,151.29232788085938
2023-10-19,51.18014907836914,149.9197540283203
2023-10-20,51.38732147216797,149.39688110351562
2023-10-23,50.9259033203125,149.47157287597656
2023-10-24,52.394920349121094,151.44174194335938
2023-10-25,52.846923828125,151.5911407470703
2023-10-26,52.52675247192383,150.7134246826172
2023-10-27,52.018245697021484,149.04205322265625
2023-10-30,52.87517166137695,151.5257568359375
2023-10-31,53.19534683227539,152.45948791503906
2023-11-01,53.148258209228516,153.9441375732422
2023-11-02,53.76034927368164,155.7742462158203
2023-11-03,53.43075942993164,155.7368927001953
2023-11-06,53.6473503112793,155.65284729003906
2023-11-07,53.84510040283203,156.10104370117188
2023-11-08,53.76034927368164,156.297119140625
2023-11-09,53.355430603027344,155.14865112304688
2023-11-10,53.411930084228516,155.85826110839844
2023-11-13,53.60968017578125,156.65194702148438
2023-11-14,53.7697639465332,156.96942138671875
2023-11-15,53.873348236083984,156.16641235351562
2023-11-16,53.81684875488281,156.59593200683594
2023-11-17,53.920433044433594,155.70889282226562
2023-11-20,54.052268981933594,155.4847869873047
2023-11-21,54.64552307128906,156.67996215820312
2023-11-22,55.01277542114258,158.005859375
2023-11-24,55.15402603149414,158.1459197998047
2023-11-27,55.05044937133789,157.16549682617188
2023-11-28,55.16345977783203,157.6697235107422
2023-11-29,54.833866119384766,156.08238220214844
2023-11-30,55.46980667114258,158.335693359375
2023-12-01,55.659645080566406,158.71205139160156
2023-12-04,55.593196868896484,159.1354217529297
2023-12-05,55.678627014160156,158.0063934326172
2023-12-06,55.621673583984375,157.60183715820312
2023-12-07,55.75456237792969,157.55482482910156
2023-12-08,55.631168365478516,155.88006591796875
2023-12-11,56.03931427001953,157.89352416992188
2023-12-12,56.39999771118164,158.5050506591797
2023-12-13,56.88407516479492,161.8356475830078
2023-12-14,56.03931427001953,158.298095703125
2023-12-15,55.621673583984375,157.1220245361328
2023-12-18,56.020328521728516,158.9190216064453
2023-12-19,55.839988708496094,158.0158233642578
2023-12-20,54.68199157714844,155.8894805908203
2023-12-21,55.04268264770508,157.09378051757812
2023-12-22,55.35590744018555,157.76177978515625
2023-12-26,55.583709716796875,158.8719940185547
2023-12-27,55.72608184814453,159.3800506591797
2023-12-28,55.7640495300293,159.3706512451172
2023-12-29,55.93490219116211,159.7940216064453
2024-01-02,56.77967071533203,162.68243408203125
2024-01-03,56.91255187988281,162.7200469970703
2024-01-04,56.722721099853516,161.32762145996094
2024-01-05,56.637290954589844,158.947265625
2024-01-08,57.054931640625,159.10719299316406
2024-01-09,56.95052719116211,157.28196716308594
2024-01-10,57.140357971191406,157.04672241210938
2024-01-11,56.770179748535156,156.30349731445312
2024-01-12,57.320701599121094,157.37603759765625
2024-01-16,56.9410285949707,156.34112548828125
2024-01-17,56.9410285949707,156.5951385498047
2024-01-18,57.10239028930664,157.28196716308594
2024-01-19,56.789161682128906,155.9741668701172
2024-01-22,56.54237365722656,155.34381103515625
2024-01-23,56.808143615722656,157.72415161132812
2024-01-24,55.915916442871094,155.80482482910156
2024-01-25,56.15321350097656,156.7080535888672
2024-01-26,56.352542877197266,157.93115234375
2024-01-29,56.69424057006836,158.20399475097656
2024-01-30,56.85560607910156,159.5870361328125
2024-01-31,56.46644592285156,158.56149291992188
2024-02-01,57.880714416503906,161.5439910888672
2024-02-02,57.46307373046875,160.857177734375
2024-02-05,56.98849105834961,160.8101348876953
2024-02-06,56.89356994628906,161.28057861328125
2024-02-07,56.9410285949707,161.32762145996094
2024-02-08,56.789161682128906,163.5668487548828
2024-02-09,56.53288650512695,157.75238037109375
2024-02-12,56.665775299072266,160.51849365234375
2024-02-13,56.33355712890625,158.8908233642578
2024-02-14,56.276611328125,157.61123657226562
2024-02-15,56.38101577758789,157.93115234375
2024-02-16,56.371524810791016,156.4822235107422
2024-02-20,57.61494827270508,158.67440795898438
2024-02-21,58.127498626708984,158.84376525878906
2024-02-22,58.04207229614258,158.298095703125
2024-02-23,58.08953857421875,159.5682373046875
2024-02-26,57.62443542480469,158.3074951171875
2024-02-27,57.27323913574219,158.21339416503906
2024-02-28,57.330196380615234,157.15025329589844
2024-02-29,56.96950912475586,156.74732971191406
2024-03-01,56.50441360473633,156.0363006591797
2024-03-04,56.770179748535156,156.77577209472656
2024-03-05,56.49491882324219,153.61880493164062
2024-03-06,56.52339172363281,154.52896118164062
2024-03-07,56.418983459472656,154.6332244873047
2024-03-08,56.49491882324219,154.5763397216797
2024-03-11,57.178321838378906,156.16900634765625
2024-03-12,57.425113677978516,155.98890686035156
2024-03-13,58.01359939575195,156.70941162109375
2024-03-14,57.884429931640625,156.21641540527344
2024-03-15,57.29124450683594,156.10267639160156
2024-03-18,57.530433654785156,162.35964965820312
2024-03-19,57.6261100769043,162.87159729003906
2024-03-20,58.12363052368164,162.92848205566406
2024-03-21,57.855735778808594,163.48780822753906
2024-03-22,57.874874114990234,163.0801544189453
2024-03-25,57.78875732421875,163.63003540039062
2024-03-26,57.922706604003906,163.75328063964844
2024-03-27,58.39152145385742,164.5496063232422
2024-03-28,58.535037994384766,165.91477966308594
2024-04-01,58.0566520690918,163.99026489257812
2024-04-02,57.54956817626953,162.53030395507812
2024-04-03,57.243408203125,160.8617706298828
2024-04-04,56.73631286621094,160.8333282470703
2024-04-05,56.93723678588867,160.34983825683594
2024-04-08,56.707611083984375,160.76698303222656
2024-04-09,57.138160705566406,161.7434539794922
2024-04-10,56.372737884521484,160.16969299316406
2024-04-11,56.497127532958984,159.61038208007812
2024-04-12,55.760414123535156,159.36390686035156
2024-04-15,55.626461029052734,158.27365112304688
2024-04-16,55.549922943115234,158.7950897216797
2024-04-17,55.980464935302734,160.67214965820312
2024-04-18,56.36317443847656,163.3171844482422
2024-04-19,57.568702697753906,165.08050537109375
2024-04-22,57.93227767944336,167.2894287109375
2024-04-23,58.01837921142578,162.32174682617188
2024-04-24,58.8890380859375,168.19004821777344
2024-04-25,59.070831298828125,167.4979705810547
2024-04-26,59.070831298828125,166.45516967773438
2024-04-29,59.35786056518555,166.9860382080078
2024-04-30,59.09953308105469,166.7680206298828
2024-05-01,59.252620697021484,166.0474853515625
2024-05-02,59.310020446777344,166.33192443847656
2024-05-03,59.48223876953125,166.99551391601562
2024-05-06,59.65445327758789,166.6826934814453
2024-05-07,59.91278076171875,168.7683563232422
2024-05-08,60.132835388183594,168.19004821777344
2024-05-09,60.16154479980469,168.8062744140625
2024-05-10,60.525115966796875,170.44635009765625
2024-05-13,60.83128356933594,171.49867248535156
2024-05-14,60.37203598022461,170.52220153808594
2024-05-15,60.400733947753906,170.13352966308594
2024-05-16,60.582515716552734,173.5938262939453
2024-05-17,60.305057525634766,172.7216339111328
2024-05-20,59.86494064331055,170.93934631347656
2024-05-21,60.19024658203125,171.6693115234375
2024-05-22,60.2763557434082,172.6268310546875
2024-05-23,59.40570068359375,169.95339965820312
2024-05-24,59.319580078125,168.7399139404297
2024-05-28,59.14736557006836,164.3695068359375
2024-05-29,59.03255844116211,162.25537109375
2024-05-30,59.29088592529297,161.62020874023438
2024-05-31,60.20937728881836,163.9144287109375
2024-06-03,60.20937728881836,162.3312225341797
2024-06-04,61.175716400146484,164.85296630859375
2024-06-05,61.15658187866211,164.4737548828125
2024-06-06,61.37663269042969,164.1988525390625
2024-06-07,61.147010803222656,163.42965698242188
2024-06-10,60.84084701538086,158.5183563232422
2024-06-11,60.80257797241211,157.7252960205078
2024-06-12,60.16154479980469,156.5404815673828
2024-06-13,60.26678466796875,156.0626983642578
2024-06-14,60.3101692199707,156.5213623046875
2024-06-17,60.37766647338867,158.74769592285156
2024-06-18,60.387306213378906,159.0725555419922
2024-06-20,59.95342254638672,159.26365661621094
2024-06-21,60.52229690551758,159.8369598388672
2024-06-24,61.679325103759766,160.60137939453125
2024-06-25,61.55398178100586,159.9038543701172
2024-06-26,61.75646209716797,159.32098388671875
2024-06-27,61.6214714050293,158.86231994628906
2024-06-28,61.37078857421875,157.59152221679688
2024-07-01,61.01403045654297,155.6422882080078
2024-07-02,60.88868713378906,156.3015899658203
2024-07-03,61.0622444152832,155.36520385742188
2024-07-05,61.47684097290039,157.07554626464844
2024-07-08,60.70549392700195,154.90655517578125
2024-07-09,60.44515609741211,154.6963348388672
2024-07-10,60.58015060424805,156.31114196777344
2024-07-11,60.84048080444336,156.65512084960938
2024-07-12,61.41899490356445,158.9770050048828
2024-07-15,61.13937759399414,156.5691375732422
2024-07-16,61.96857833862305,157.4290771484375
2024-07-17,62.87492370605469,162.33084106445312
2024-07-18,62.85564422607422,162.78948974609375
2024-07-19,62.95205307006836,161.8244171142578
2024-07-22,62.45066833496094,160.2000732421875
2024-07-23,62.63387680053711,158.88145446777344
2024-07-24,63.453433990478516,160.68736267089844
2024-07-25,63.704139709472656,163.4105682373047
2024-07-26,64.64904022216797,165.06358337402344
2024-07-29,64.43690490722656,165.50311279296875
2024-07-30,65.25648498535156,165.4744415283203
2024-07-31,64.35013580322266,164.9871368408203
2024-08-01,65.52644348144531,167.1752471923828
2024-08-02,66.8473892211914,170.11819458007812
2024-08-05,65.66143035888672,166.2961883544922
2024-08-06,65.61322784423828,164.8151397705078
2024-08-07,66.008544921875,164.1462860107422
2024-08-08,66.26887512207031,164.7004852294922
2024-08-09,66.22065734863281,164.71958923339844
2024-08-12,65.72892761230469,163.79278564453125
2024-08-13,66.008544921875,164.7004852294922
2024-08-14,66.12425231933594,165.98086547851562
2024-08-15,66.19174194335938,164.8438262939453
2024-08-16,66.70276641845703,164.93936157226562
2024-08-19,66.50992584228516,166.08596801757812
2024-08-20,66.89559936523438,168.02565002441406
2024-08-21,67.07879638671875,167.4141387939453
2024-08-22,66.8473892211914,167.9205322265625
2024-08-23,67.2909164428711,168.04476928710938
2024-08-26,68.3033218383789,168.1403045654297
2024-08-27,68.93968963623047,167.5001220703125
2024-08-28,69.18074798583984,166.1815185546875
2024-08-29,69.47000122070312,164.43295288085938
2024-08-30,69.87495422363281,165.1877899169922
2024-09-03,70.39562225341797,169.64044189453125
2024-09-04,69.96172332763672,170.57684326171875
2024-09-05,68.62150573730469,171.3221435546875
2024-09-06,68.59257507324219,170.73965454101562
2024-09-09,69.27714538574219,171.55801391601562
2024-09-10,68.98789978027344,171.19215393066406
2024-09-11,68.53472900390625,169.2377166748047
2024-09-12,68.67935943603516,170.6529998779297
2024-09-13,69.32494354248047,170.75892639160156
2024-09-16,69.99479675292969,170.614501953125
2024-09-17,69.70355224609375,170.2871551513672
2024-09-18,69.65502166748047,168.68893432617188
2024-09-19,68.5580062866211,168.15940856933594
2024-09-20,69.5482177734375,164.8089141845703
2024-09-23,69.6355972290039,165.7042999267578
2024-09-24,69.24727630615234,163.5958251953125
2024-09-25,69.36376953125,163.0951690673828
2024-09-26,69.31523132324219,163.37437438964844
2024-09-27,69.69384002685547,163.67283630371094
2024-09-30,69.76181030273438,163.7209930419922
2024-10-01,69.61618041992188,165.00148010253906
2024-10-02,68.93661499023438,163.2395782470703
2024-10-03,68.46092224121094,162.25755310058594
2024-10-04,68.12114715576172,161.7183837890625
2024-10-07,66.9950180053711,160.98667907714844
2024-10-08,67.1600570678711,164.0771942138672
2024-10-09,67.53866577148438,166.11831665039062
2024-10-10,67.2280044555664,166.55154418945312
2024-10-11,67.53866577148438,168.30381774902344
2024-10-14,68.28617858886719,169.54579162597656
2024-10-15,68.28617858886719,169.35325622558594
2024-10-16,68.50946807861328,167.98609924316406
2024-10-17,67.85902404785156,168.1690216064453
2024-10-18,68.38327026367188,168.54449462890625
2024-10-21,67.42215728759766,168.49636840820312
2024-10-22,67.42215728759766,167.88018798828125
2024-10-23,66.02420806884766,166.51304626464844
2024-10-24,65.3349380493164,165.75245666503906
2024-10-25,64.96603393554688,165.39620971679688
2024-10-28,64.72333526611328,163.51878356933594
2024-10-29,63.6457405090332,161.26588439941406
2024-10-30,63.995235443115234,160.02391052246094
2024-10-31,63.403045654296875,159.8987274169922
2024-11-01,63.1118049621582,159.4269561767578
2024-11-04,63.20888900756836,160.1490478515625
2024-11-05,63.46129608154297,161.60284423828125
2024-11-06,61.84006118774414,158.57974243164062
2024-11-07,61.80122756958008,157.8961639404297
2024-11-08,62.05363464355469,158.96482849121094
2024-11-11,61.509986877441406,158.14645385742188
2024-11-12,61.35466003417969,158.22349548339844
2024-11-13,61.160499572753906,158.60862731933594
2024-11-14,60.7236328125,159.0033416748047
2024-11-15,59.937294006347656,152.7163848876953
2024-11-18,60.05378341674805,152.43719482421875
2024-11-19,60.76246643066406,150.88710021972656
2024-11-20,61.150787353515625,152.8319091796875
2024-11-21,61.8983039855957,154.3723602294922
2024-11-22,62.05363464355469,155.9705810546875
2024-11-25,62.50020217895508,156.9815216064453
2024-11-26,62.665245056152344,156.12464904785156
2024-11-27,62.54874801635742,156.66378784179688
2024-11-29,62.6807975769043,157.3666229248047
2024-12-02,62.260189056396484,156.9815216064453
2024-12-03,62.13302230834961,155.68173217773438
2024-12-04,60.851627349853516,154.21832275390625
2024-12-05,61.54612350463867,154.5167999267578
2024-12-06,61.164642333984375,153.2108154296875
2024-12-09,61.23310852050781,154.84207153320312
2024-12-10,61.53634262084961,155.20130920410156
2024-12-11,61.272239685058594,152.22042846679688
2024-12-12,62.44603729248047,154.28860473632812
2024-12-13,61.74176025390625,153.38560485839844
2024-12-16,61.184200286865234,151.4921875
2024-12-17,62.01564407348633,151.60870361328125
2024-12-18,61.4776496887207,149.9483184814453
2024-12-19,61.086387634277344,147.07423400878906
2024-12-20,61.184200286865234,148.35592651367188
2024-12-23,61.01791763305664,146.89944458007812
2024-12-24,61.467872619628906,148.37533569335938
2024-12-26,61.20376205444336,148.01608276367188
2024-12-27,61.086387634277344,148.45301818847656
2024-12-30,60.67555618286133,147.31698608398438
2024-12-31,60.90053176879883,147.6470947265625
